   1               / PDP-8 (8K) FORTRAN COMPILER   *** FORT.05 ***
   2               
   3               / OCTOBER 28, 1970
   4               
   5               / COPYRIGHT 1969, DIGITAL EQUIPMENT CORP. MAYNARD, MASS.
   6               /
   7               / SYMBOL TABLE FOR FORTRAN COMPILER (8K- PDP-8)
   8               / FOR USE WITH DISK/DECTAPE MONITOR SYSTEM
   9               /  CHANGE LOCATION 'XFINI' TO A 'JMP I LFINI' THEN
  10               / SAVE ON THE DISK AS FOLLOWS:
  11               /
  12               /       SAVE FTC0!0-7577;5363<C/R>
  13               /       SAVE FTC1!200,1000-1577,2600,6000-16377;<C/R>
  14               /
  15               / CALL FTC1 FIRST, THEN CALL FTC0 TO COMPILE
  16               / FOR SUBSEQUENT COMPILATIONS ONLY CALL FTC0.
  17               
  18                       FIELD   0
  19                       *200
  20 000200  2004  INBUF,  TEXT /PDP-8 FORTRAN DEC-08-A2B1-4/
     000201  2055  
     000202  7040  
     000203  0617  
     000204  2224  
     000205  2201  
     000206  1640  
     000207  0405  
     000210  0355  
     000211  6070  
     000212  5501  
     000213  6202  
     000214  6155  
     000215  6400  
  21               
  22                       *1000
  23 001000  6026  BEGIN,  PLS             /INITIALIZATION ROUTINE
  24 001001  6046          TLS
  25 001002  6014          RFC
  26 001003  6201          CDF     00
  27 001004  1262          TAD     CM1300  /SET SYMBOL TABLE TO ZEROS (6300-7577 FIELD 1)
  28 001005  3257          DCA     INDX
  29 001006  1265          TAD     BSYMP
  30 001007  3010          DCA     TPTT
  31 001010  3410  LP,     DCA I   TPTT
  32 001011  2257          ISZ     INDX
  33 001012  5210          JMP     LP
  34 001013  1263          TAD     CM60
  35 001014  3257          DCA     INDX
  36 001015  1264          TAD     BTTAB
  37 001016  3010          DCA     TPTT
  38 001017  3410          DCA I   TPTT    /ZERO OUT TEMPORARY TABLES IN FIELD 0
  39 001020  2257          ISZ     INDX
  40 001021  5217          JMP     .-2
  41 001022  6211          CDF     10
  42 001023  1260          TAD     MIN104  /ZERO EVERYTHING FROM ZERO TO 107
  43 001024  3257          DCA     INDX
  44 001025  1261          TAD     CP6
  45 001026  3010          DCA     TPTT
  46 001027  3410  LPP,    DCA I   TPTT
  47 001030  2257          ISZ     INDX
  48 001031  5227          JMP     LPP
  49 001032  1267          TAD     TPT     /MOVE DATA FROM TABLE TO FIELD 0
  50 001033  3010          DCA     TPTT
  51 001034  6201  REP,    CDF     00
  52 001035  1410          TAD I   TPTT
  53 001036  7450          SNA             /END OF FIELD 0 INITIALIZATION?
  54 001037  5245          JMP     DN      /YES
  55 001040  3256          DCA     LOC
  56 001041  1410          TAD I   TPTT
  57 001042  6211          CDF     10
  58 001043  3656          DCA I   LOC
  59 001044  5234          JMP     REP
  60 001045  1410  DN,     TAD I   TPTT    /MOVE DATA FROM TABLE TO FIELD 1
  61 001046  7450          SNA             /END FIELD 1 INITIALIZATION
  62 001047  5254          JMP     DNN     /YES
  63 001050  3256          DCA     LOC
  64 001051  1410          TAD I   TPTT
  65 001052  3656          DCA I   LOC
  66 001053  5245          JMP     DN
  67 001054  6212  DNN,    CIF     10
  68 001055  5666          JMP I   STRT
  69 001056  0000  LOC,    0
  70 001057  0000  INDX,   0
  71 001060  7673  MIN104, L7-ASSIGN
  72 001061  0006  CP6,    L7-1
  73 001062  6500  CM1300, -1300
  74 001063  7720  CM60,   -60
  75 001064  0707  BTTAB,  ITTAB-1
  76 001065  6277  BSYMP,  BSYM-1          /BOTTOM OF TEMPORARY SYMBOL TABLE
  77 001066  5362  STRT,   FORST           /STARTING POINT AFTER INITIALIZATION
  78               TPTT=10
  79 001067  1067  TPT,    TABLE-1
  80               TABLE,
  81 001070  0150  PUNCH
  82 001071  7114          LTTYPE
  83 001072  0015  15
  84 001073  2377          DOEND
  85 001074  0045  45
  86 001075  0740          FTTAB
  87 001076  0051  51
  88 001077  0710          ITTAB
  89 001100  0047  47
  90 001101  7575          TSYM-3
  91 001102  0050  50
  92 001103  7600          TSYM
  93 001104  0055  55
  94 001105  7753          -25
  95 001106  0056  56
  96 001107  6300          BSYM
  97 001110  0057  57
  98 001111  6300          BSYM
  99 001112  0071  71
 100 001113  5777          5777
 101 001114  0074  74
 102 001115  3000          3000
 103 001116  0103  MIKE4
 104 001117  3377          3377
 105 001120  0110  POINTZ
 106 001121  3377          3377
 107 001122  0172  BASE
 108 001123  0200          INBUF
 109 001124  0173  BASE2
 110 001125  0300          INBUF+100
 111 001126  2403  SCOUNT
 112 001127  0000          0
 113 001130  2404  SCOUNT+1
 114 001131  0000          0
 115 001132  2405  SCOUNT+2
 116 001133  0000          0
 117 001134  2762  QONE
 118 001135  0000          0
 119 001136  2763  QONE+1
 120 001137  0000          0
 121 001140  2764  QONE+2
 122 001141  0000          0
 123 001142  2765  QONE+3
 124 001143  0000          0
 125 001144  2766  QONE+4
 126 001145  0000          0
 127 001146  2767  QONE+5
 128 001147  0000          0
 129 001150  2770  QONE+6
 130 001151  0000          0
 131 001152  0000  0               /THIS TERMINATES FIELD ZERO INITIALIZATION
 132 001153  2375  2375
 133 001154  4000          4000
 134 001155  2376  2376
 135 001156  4000          4000
 136 001157  2377  2377
 137 001160  4000          4000
 138 001161  0000  0
 139               
 140               /      ERROR MESSAGE TABLE AND TEXT
 141               
 142 001162  7547  ELIST,  -ERR1-1;  EMSG1 /ILLEGAL CONTINUATION
     001163  1266  
 143 001164  7077          -ERR2-1;  IE    /ILLEGAL ARITHMETIC EXPRESSION
     001165  1301  
 144 001166  6733          -ERR3-1;  IE
     001167  1301  
 145 001170  6541          -ERR6-1;  IE
     001171  1301  
 146 001172  6430          -ERR9-1;  EMSG3
     001173  1320  
 147 001174  6247          -ERR10-1; EMSG4
     001175  1331  
 148 001176  6123          -ERR12-1; EMSG4
     001177  1331  
 149 001200  5710          -ERR14-1; EMSG4
     001201  1331  
 150 001202  5567          -ERR15-1; EMSG3
     001203  1320  
 151 001204  5557          -ERR16-1; EMSG5
     001205  1342  
 152 001206  5242          -ERR17-1; EMSG6
     001207  1357  
 153 001210  5161          -ERR18-1; SE    /SYNTAX ERROR
     001211  1372  
 154 001212  4757          -ERR28-1; SE
     001213  1372  
 155 001214  4733          -ERR29-1; SE
     001215  1372  
 156 001216  4726          -ERR30-1; EMSG8  /ILLEGAL VARIABLE
     001217  1401  
 157 001220  4514          -ERR31-1; SE
     001221  1372  
 158 001222  4320          -ERR35-1; SE
     001223  1372  
 159 001224  4012          -ERR37-1; CE
     001225  1527  
 160 001226  4156          -ERR38-1; EMSG9  /ILLEGAL DO NESTING
     001227  1412  
 161 001230  3667          -ERR39-1; SE
     001231  1372  
 162 001232  3507          -ERR40-1; IE
     001233  1301  
 163 001234  3320          -ERR41-1; EMSG10  /EXPRESSION TOO BIG
     001235  1432  
 164 001236  2505          -ERR42-1; IE
     001237  1301  
 165 001240  2445          -ERR43-1; EMSG11  /MIXED MODE
     001241  1453  
 166 001242  2366          -ERR44-1; EMSG9
     001243  1412  
 167 001244  1615          -ERR48-1; SE
     001245  1372  
 168 001246  1541          -ERR50-1; SE
     001247  1372  
 169 001250  1414          -ERR51-1; SE
     001251  1372  
 170 001252  0646          -ERR52-1;IE
     001253  1301  
 171 001254  1266          -ERR53-1; EMSG12  /ILLEGAL SUBSCRIPT
     001255  1466  
 172 001256  5342          -ERR54-1; EMSG13  /ILLEGAL EQUIVALENCING
     001257  1501  
 173 001260  0477          -ERR59-1; SE
     001261  1372  
 174 001262  1370          -ERR60-1; EMSG3
     001263  1320  
 175 001264  0000          0;        EMSG14  /COMPILER MALFUNCTION
     001265  1514  
 176               
 177 001266  1114  EMSG1,  TEXT /ILLEGAL CONTINUATION/
     001267  1405  
     001270  0701  
     001271  1440  
     001272  0317  
     001273  1624  
     001274  1116  
     001275  2501  
     001276  2411  
     001277  1716  
     001300  0000  
 178 001301  1114  IE,     TEXT /ILLEGAL ARITHMETIC EXPRESSION/
     001302  1405  
     001303  0701  
     001304  1440  
     001305  0122  
     001306  1124  
     001307  1015  
     001310  0524  
     001311  1103  
     001312  4005  
     001313  3020  
     001314  2205  
     001315  2323  
     001316  1117  
     001317  1600  
 179 001320  1114  EMSG3,  TEXT /ILLEGAL STATEMENT/
     001321  1405  
     001322  0701  
     001323  1440  
     001324  2324  
     001325  0124  
     001326  0515  
     001327  0516  
     001330  2400  
 180 001331  1114  EMSG4,  TEXT /ILLEGAL CONSTANT/
     001332  1405  
     001333  0701  
     001334  1440  
     001335  0317  
     001336  1623  
     001337  2401  
     001340  1624  
     001341  0000  
 181 001342  1114  EMSG5,  TEXT /ILLEGAL STATEMENT NUMBER/
     001343  1405  
     001344  0701  
     001345  1440  
     001346  2324  
     001347  0124  
     001350  0515  
     001351  0516  
     001352  2440  
     001353  1625  
     001354  1502  
     001355  0522  
     001356  0000  
 182 001357  2331  EMSG6,  TEXT /SYMBOL TABLE EXCEEDED/
     001360  1502  
     001361  1714  
     001362  4024  
     001363  0102  
     001364  1405  
     001365  4005  
     001366  3003  
     001367  0505  
     001370  0405  
     001371  0400  
 183 001372  2331  SE,     TEXT /SYNTAX ERROR/
     001373  1624  
     001374  0130  
     001375  4005  
     001376  2222  
     001377  1722  
     001400  0000  
 184 001401  1114  EMSG8,  TEXT /ILLEGAL VARIABLE/
     001402  1405  
     001403  0701  
     001404  1440  
     001405  2601  
     001406  2211  
     001407  0102  
     001410  1405  
     001411  0000  
 185 001412  1114  EMSG9,  TEXT /ILLEGAL OR EXCESSIVE DO NESTING/
     001413  1405  
     001414  0701  
     001415  1440  
     001416  1722  
     001417  4005  
     001420  3003  
     001421  0523  
     001422  2311  
     001423  2605  
     001424  4004  
     001425  1740  
     001426  1605  
     001427  2324  
     001430  1116  
     001431  0700  
 186 001432  0122  EMSG10, TEXT /ARITHMETIC EXPRESSION TOO COMPLEX/
     001433  1124  
     001434  1015  
     001435  0524  
     001436  1103  
     001437  4005  
     001440  3020  
     001441  2205  
     001442  2323  
     001443  1117  
     001444  1640  
     001445  2417  
     001446  1740  
     001447  0317  
     001450  1520  
     001451  1405  
     001452  3000  
 187 001453  1511  EMSG11, TEXT /MIXED MODE EXPRESSION/
     001454  3005  
     001455  0440  
     001456  1517  
     001457  0405  
     001460  4005  
     001461  3020  
     001462  2205  
     001463  2323  
     001464  1117  
     001465  1600  
 188 001466  0530  EMSG12, TEXT /EXCESSIVE SUBSCRIPTS/
     001467  0305  
     001470  2323  
     001471  1126  
     001472  0540  
     001473  2325  
     001474  0223  
     001475  0322  
     001476  1120  
     001477  2423  
     001500  0000  
 189 001501  1114  EMSG13, TEXT /ILLEGAL EQUIVALENCING/
     001502  1405  
     001503  0701  
     001504  1440  
     001505  0521  
     001506  2511  
     001507  2601  
     001510  1405  
     001511  1603  
     001512  1116  
     001513  0700  
 190 001514  0317  EMSG14, TEXT /COMPILER MALFUNCTION/
     001515  1520  
     001516  1114  
     001517  0522  
     001520  4015  
     001521  0114  
     001522  0625  
     001523  1603  
     001524  2411  
     001525  1716  
     001526  0000  
 191 001527  2516  CE,     TEXT /UNBALANCED QUOTES/
     001530  0201  
     001531  1401  
     001532  1603  
     001533  0504  
     001534  4021  
     001535  2517  
     001536  2405  
     001537  2300  
 192               ITTAB=710
 193               FTTAB=ITTAB+30
 194               DOEND=2377
 195               BSYM=6300
 196               TSYM=7600
 197               
 198               / THE STATEMENT TYPE TABLE FOLLOWS
 199                       *2600
 200 002600  7361  STYPE,  7361    /-DO
 201 002601  0000          0000
 202 002602  3415          LDO
 203 002603  6672          6672    /-IF
 204 002604  0000          0000
 205 002605  3236          LIF
 206 002606  7061          7061    /-GO
 207 002607  5361          5361    /-TO
 208 002610  3000          LGOTO
 209 002611  7477          7477    /-CA
 210 002612  6364          6364    /-LL
 211 002613  0600          CAL
 212 002614  5573          5573    /-RE
 213 002615  5353          5353    /-TU
 214 002616  6400          LRET
 215 002617  7461          7461    /-CO
 216 002620  6154          6154    /-NT
 217 002621  4000          LCONT
 218 002622  5454          5454    /-ST
 219 002623  6060          6060    /-OP
 220 002624  4017          LSTOP
 221 002625  5777          5777    /-PA
 222 002626  5255          5255    /-US
 223 002627  4013          LPAUSE
 224 002630  5573          5573    /-RE
 225 002631  7674          7674    /-AD
 226 002632  6204          LREAD
 227 002633  5056          5056    /-WR
 228 002634  6654          6654    /-IT
 229 002635  6200          LWRIT
 230 002636  7161          7161    /-FO
 231 002637  5563          5563    /-RM
 232 002640  4070          LFRMAT
 233 002641  7262          7262    /-EN
 234 002642  7400          7400    /-D
 235 002643  5400          LLAST
 236 002644  7461          7461    /-CO
 237 002645  6263          6263    /-MM
 238 002646  2604          LCOMON
 239 002647  7367          7367    /-DI
 240 002650  6273          6273    /-ME
 241 002651  2636          LDIMEN
 242 002652  7257          7257    /-EQ
 243 002653  5267          5267    /-UI
 244               
 245 002654  7200          EQUI
 246 002655  7167          -0611   /-FI
 247 002656  6167          -1611   /-NI
 248 002657  7366          LFIN
 249 002660  5453  XXSUBR, 5453    /-SU
 250 002661  7556          7556    /-BR
 251 002662  6010          LSUB
 252 002663  7153          7153    /-FU
 253 002664  6175          6175    /-NC
 254 002665  6000          LFUNC
 255 002666  0000          0000    /THIS IS THE END OF LIST
 256 002667  0000  AREA1,  0
 257 002670  0000  AREA2,  0
 258               
 259               / THE PRECEDENCE TABLE FOLLOWS, NON-ZERO PREC. OPERATORS APPEAR
 260 002671  7733          -45     / PREC('%') = 7    NOTE: '%' REPLACES '**'
 261 002672  0700          700
 262 002673  7726          -52     / PREC('*') = 5
 263 002674  0500          500
 264 002675  7721          -57     / PREC('/') = 5
 265 002676  0500          500
 266 002677  7725          -53     / PREC('+') = 4
 267 002700  0400          400
 268 002701  7723          -55     / PREC('-') = 4
 269 002702  0400          400
 270 002703  7703          -75     / PREC('=') = 1
 271 002704  0100          100
 272 002705  7704          -74     / PREC('<') = 1    NOTE: '<' IMPLIES SUBSCRIPTED ASSIGNMENT
 273 002706  0100          100
 274 002707  0001          1       /THIS IS THE END OF THE TABLE
 275 002710  6030  THOU,   -1750
 276 002711  7634          -144
 277 002712  7766          -12
 278 002713  7777          -1
 279               
 280               / THE PERMANENT SYMBOL TABLE BEGINS HERE
 281                       *6000
 282 006000  1501          1501    /MAIN
 283 006001  1116          1116
 284 006002  0001          0001
 285 006003  0601          0601    /FAD
 286 006004  0400          0400
 287 006005  0001          0001
 288 006006  2324          2324    /STO
 289 006007  1700          1700
 290 006010  0001          0001
 291 006011  0623          0623    /FSB
 292 006012  0200          0200
 293 006013  0001          0001
 294 006014  0615          0615    /FMP
 295 006015  2000          2000
 296 006016  0001          0001
 297 006017  0604          0604    /FDV
 298 006020  2600          2600
 299 006021  0001          0001
 300 006022  1520          1520    /MPY
 301 006023  3100          3100
 302 006024  0001          0001
 303 006025  0411          0411    /DIV
 304 006026  2600          2600
 305 006027  0001          0001
 306 006030  2205          2205    /READ
 307 006031  0104          0104
 308 006032  0001          0001
 309 006033  2722          2722    /WRITE
 310 006034  1124          1124
 311 006035  0501          0501
 312 006036  1117          1117    /IOH
 313 006037  1000          1000
 314 006040  0001          0001
 315 006041  5060          5060    /(0
 316 006042  0000          0000
 317 006043  0001          0001
 318 006044  1215          1215    /JMP
 319 006045  2000          2000
 320 006046  0001          0001
 321 006047  1617          1617    /NOP
 322 006050  2000          2000
 323 006051  0001          0001
 324 006052  0516          0516    /ENTRY
 325 006053  2422          2422
 326 006054  3101          3101
 327 006055  0501          0501    /EAP
 328 006056  2000          2000
 329 006057  0001          0001
 330 006060  2001          2001    /PAUSE
 331 006061  2523          2523
 332 006062  0501          0501
 333 006063  2401  OPTADI, 2401    /TAD I
 334 006064  0440          0440
 335 006065  1101          1101    
 336 006066  2401  OPTAD,  2401    /TAD
 337 006067  0400          0400
 338 006070  0001          0001    
 339 006071  0403  OPDCA,  0403    /DCA
 340 006072  0100          0100
 341 006073  0001          0001    
 342 006074  1215  OPJMPI, 1215    /JMP I
 343 006075  2040          2040
 344 006076  1101          1101
 345 006077  2205          2205    /RETRN
 346 006100  2422          2422
 347 006101  1601          1601
 348 006102  0320          0320    /CPAGE
 349 006103  0107          0107
 350 006104  0501          0501
 351 006105  2316  OPSNA,  2316    /SNA
 352 006106  0100          0100
 353 006107  0001          0001
 354 006110  2320          2320    /SPC
 355 006111  0300          0300
 356 006112  0001          0001
 357 006113  0301          0301    /CALL
 358 006114  1414          1414
 359 006115  0001          0001
 360 006116  0313          0313    /CKIO
 361 006117  1117          1117
 362 006120  0001          0001
 363 006121  1014          1014    /HLT
 364 006122  2400          2400
 365 006123  0001          0001
 366 006124  0314  OPCLA,  0314    /CLA
 367 006125  0100          0100
 368 006126  0001          0001
 369 006127  0614          0614    /FLOT
 370 006130  1724          1724
 371 006131  0001          0001
 372 006132  1106          1106    /IFAD
 373 006133  0104          0104
 374 006134  0001          0001
 375 006135  0311          0311    /CIA
 376 006136  0100          0100
 377 006137  0001          0001
 378 006140  0310          0310    /CHS
 379 006141  2300          2300
 380 006142  0001          0001
 381 006143  0611          0611    /FIX
 382 006144  3000          3000
 383 006145  0001          0001
 384 006146  1123          1123    /ISTO
 385 006147  2417          2417
 386 006150  0001          0001
 387 006151  2001          2001    /PAGE
 388 006152  0705          0705
 389 006153  0001          0001
 390 006154  0214  BLCK,   0214    /BLOCK
 391 006155  1703          1703
 392 006156  1301          1301
 393 006157  0516          0516    /END
 394 006160  0400          0400
 395 006161  0001          0001
 396 006162  1401          1401    /LAP
 397 006163  2000          2000
 398 006164  0001          0001
 399 006165  0317          0317    /COMMN
 400 006166  1515          1515
 401 006167  1601          1601
 402 006170  1123          1123    /ISZ
 403 006171  3200          3200
 404 006172  0001          0001
 405 006173  2325          2325    /SUBSC
 406 006174  0223          0223
 407 006175  0301          0301
 408 006176  0425  DUMMY,  0425    /DUMMY
 409 006177  1515          1515
 410 006200  3101          3101
 411 006201  0122          0122    /ARG
 412 006202  0700          0700
 413 006203  0001          0001
 414 006204  0314          0314    /CLEAR
 415 006205  0501          0501
 416 006206  2201          2201
 417 006207  1111          1111    /IIPOW
 418 006210  2017          2017
 419 006211  2701          2701
 420 006212  0611          0611    /FIPOW
 421 006213  2017          2017
 422 006214  2701          2701
 423 006215  1106          1106    /IFPOW
 424 006216  2017          2017
 425 006217  2701          2701
 426 006220  0606          0606    /FFPOW
 427 006221  2017          2017
 428 006222  2701          2701
 429 006223  0403          0403    /DCA I
 430 006224  0140          0140
 431 006225  1101          1101
 432 006226  0103          0103    /ACH
 433 006227  1000          1000
 434 006230  0001          0001
 435 006231  1720  OPEN,   1720    /OPEN
 436 006232  0516          0516
 437 006233  0001          0001
 438 006234  0522          0522    /ERROR
 439 006235  2217          2217
 440 006236  2201          2201
 441 006237  1116          1116    /INC
 442 006240  0300          0300
 443 006241  0001          0001
 444 006242  0617  FORTR,  0617    /FORTR
 445 006243  2224          2224
 446 006244  2201          2201
 447 006245  0315  OPCMA,  0315    /CMA
 448 006246  0100          0100
 449 006247  0001          0001
 450 006250  1101  OPIAC,  1101    /IAC
 451 006251  0300          0300
 452 006252  0001          0001
 453 006253  0530  EXIT,   0530    /EXIT
 454 006254  1124          1124
 455 006255  0001          0001
 456                      FIELD   1
 457                       *7
 458 010007  0000  L7,     0
 459 010010  0000  L10,    0
 460 010011  0000  L11,    0
 461 010012  0000  L12,    0       /LAST LINE'S CONTENTS FOR OPTOMIZATION
 462 010013  0000          0
 463 010014  0000  L14,    0
 464 010015  2377  L15,    2377    /POINTER INTO DOEND LIST
 465 010016  0000  L16,    0
 466 010017  0000  L17,    0
 467 010020  0000  L20,    0       /FLAG, NON-ZERO IF '=' SEEN
 468 010021  0000  L21,    0
 469 010022  0000  L22,    0       /SUBSCRIPT NESTING LEVEL
 470 010023  0000  L23,    0       /USED BY "DUMARG" AND "IOHAR" PATCH
 471 010024  0000  L24,    0       /LINE POINTER
 472 010025  0000  L25,    0       /HIGHEST SUBSCRIPT TEMP USED
 473 010026  0000  L26,    0       /USED FOR DIMENSION INFORMATION
 474 010027  0000          0       /UNUSED
 475 010030  0000  L30,    0       /FOLLOWING EIGHT LOCS ARE USED BY ENTITY
 476 010031  0000  L31,    0
 477 010032  0000  L32,    0
 478 010033  0000  L33,    0
 479 010034  0000  L34,    0
 480 010035  0000  L35,    0
 481 010036  0000  L36,    0
 482 010037  0000  L37,    0
 483 010040  0000  L40,    0       /CONTAINS THE CURRENT TRIPLE NUMBER
 484 010041  0000  L41,    0       /THIS IS THE POINTER INTO THE PUSH DOWN LIST
 485 010042  0000  L42,    0       /THESE TWO LOCATIONS ARE USED BY THE TRIPLE PROCESSOR
 486 010043  0000  L43,    0       /
 487 010044  0000  L44,    0       /CONTAINS ONE FOR RIGHT OF EQUALS, ZERO FOR LEFT
 488 010045  0740  L45,    FTTAB   /CONTAINS LARFEST FLOATING POINT TEMPORARY NUMBER USED
 489 010046  0000  L46,    0       /CONTAINS NUMBER OF THE TRIPLE CURRENTLY IN THE AC
 490 010047  7575  L47,    7575    /CONTAINS THREE LESS THAN START OF FCON TABLE
 491 010050  7600  L50,    7600    /CONTAINS START OF DIMENSION TABLE
 492 010051  0710  L51,    ITTAB   /CONTAINS LARGEST INTEGER TEMPORARY NUMBER USED
 493 010052  0000  L52,    0       /CONTAINS ONE IF RETURN FROM GENER IS DESIRED FOR BALANCE
 494 010053  0000  L53,    0       /CONTAINS THE LAST CREATED LABEL
 495 010054  0000  L54,    0       /CONTAINS THE LABEL FOR THE CURRENT STATEMENT
 496 010055  7753  L55,    -25     /CONTAINS THE MAXIMUM ALLOWABLE NUMBER OF UNENDED DOS
 497 010056  6300  L56,    6300    /CONTAINS BEGINNING OF SYMBOL TABLE
 498 010057  6300  L57,    6300    /CONTAINS END OF SYMBOL TABLE
 499 010060  0000  L60,    0       /"INDIRECT =" FLAG FOR S.S LEFT OF EQUALS SIGN
 500 010061  0000  L61,    0       /NON-ZERO IF LAST STMT READ IS A COMMENT
 501 010062  0000  L62,    0       /NEXT FOUR LOCATIONS USED BY GENER AND ENTITY
 502 010063  0000  L63,    0       /CONTAINS THE CURRENT OPERATOR
 503 010064  0000  L64,    0       /POINTS TO THE LAST OPERATOR IN THE STACK
 504 010065  0000  L65,    0       /CONTAINS THE PRECEDENCE OF THE CURRENT OPERATOR
 505 010066  0000  BPAREN, 0       /PARENTHESIS COUNTER
 506 010067  0000  L67,    0       /ONE FOR FUNCTION AND ZERO FOR SUBROUTINE
 507 010070  0000  L70,    0       /CONTAINS POINTER TO SUBPROGRAM NAME
 508 010071  5777  L71,    5777    /BEGINNING OF PUSHDOWN LIST
 509 010072  0000  L72,    0       /SET TO ONE IF SUBSCRIPT IS ENCOUNTERED
 510 010073  0000  L73,    0       /
 511 010074  3000  L74,    3000    /BEGINNING OF ERASABLE LOCATIONS USED FOR PARAMETERS
 512 010075  0000  L75,    0       /SET TO ONE SUPPRESS    /OUTPUT FROM COMPILER
 513 010076  0000  L76,    0       /
 514 010077  0000  L77,    0       /CONTAINS ADDRESS OF LAST ENTRY INTO FCON OR SYMBOL TABLE
 515                               /THE FOLLOWING THREE LOCS ARE USED BY THE
 516                               /LITERAL COLLECTER
 517 010100  0000  COUNT2, 0       /NUMBER OF DIGITS TO RIGHT OF DECIMAL POINT
 518 010101  0000  ESIGN,  0       /0 MEANS POSITIVE EXPONENT, 1 MEANS NEGATIVE
 519 010102  0000  FPSW,   0       /0 MEANS INTEGER CONSTANT, 1 MEANS FLOATING POINT
 520 010103  3377  MIKE4,MA,       3377
 521 010104  0000  MIKE8,TOTAL,    0
 522 010105  0000  INTA,           0
 523 010106  0000  INTB,MIKE7,     0
 524 010107  0000  SNUM,MB,        0
 525 010110  3377  POINTZ, 3377
 526 010111  0000  CHK,    0
 527 010112  0000  IMPDO,  0       /"IMPLIED DO-LOOP IN PROGRESS" FLAG
 528 010113  0000  KOUNT,  0
 529 010114  1345  ASSIGN, LASIGN  /ROUTINE TO PROCESS ASSIGNMENT STATEMENTS
 530 010115  1340  PUTCH,  LPUTCH  /ROUTINE TO PUT A CHARACTER BACK IN THE INPUT BUFFER
 531 010116  5243  PROP,   LPROP   /PRINTS OPCODES
 532 010117  1364  PRCRL,  LPRCRL  /PRINTS CREATED LABELS 
 533 010120  2551  PRINT,  LPRINT  /PRINTS ONE ASCII  CHAR
 534 010121  2307  P2,     LP2     /PRINT TWO PACKED ASCII CHARS
 535 010122  0650  GETCH,  LGETCH  /GETS ONE CHARACTER OUT OF THE INPUT BUFFER
 536 010123  7001  LUNCH,  LLUNCH  /PRINTS ERROR COMMENTS
 537 010124  0670  MODE,   AMODE   /DETERMINES THE MODE OF THE ARGUMENT
 538 010125  4325  LOOK,   LLOOK   /CHECKS FOR THE REST OF THE INPUT STATEMENT
 539 010126  4167  ZZZ,    LZZZ    /PRINTS OUT STATEMENT LABELS
 540 010127  1405  ENTITY, LENTT   /GETS THE NEXT LOGICAL INPUT PARAMETER
 541 010130  2406  SYMTAB, LSYMTB  /ENTERS SYMBOLS INTO THE SYMBOL TABLE
 542 010131  4271  DUMARG, LDMARG  /SEES IF PARAMETER IS A DUMMY ARG OR SUBSCRIPT
 543 010132  2247  PRSYM,  LPRSYM  /PRINTS SYMBOLS
 544 010133  3344  CREATE, LCREAT  /CREATES LABELS
 545 010134  3200  PROTAC, LPRTAC  /PRINTS CONTENTS OF AC IN OCTAL
 546 010135  3357  PLAB,   LPLAB   /PRINTS LABELS
 547 010136  4157  PIFF,   LPIFF   /PUTS OUT AN IFF FOR THE CONTENTS OF THE AC
 548 010137  4200  TRIPL,  LTRIPL  /PROCESSES THE TRIPLES GENERATED FROM AN EXPRESSION
 549 010140  1011  GENER,  LGENER  /GENERATES THE TRIPLES
 550 010141  6753  LCHNG,  CHNG    /TEST FOR DUMMY ARG AND REPLACE
 551 010142  6545  CLAB,   LCLAB   /HANGS A CREATED LABEL ON THE NEXT LINE
 552 010143  4647  STORE,  LSTORE  /STORES THE CONTENTS OF THE AC
 553 010144  4500  FPROP,  LFPROP  /PUT OUT CALLS TO F.P. ROUTINES
 554 010145  6541  ZER,    LZER
 555 010146  6713  DUM,    LDUM    /PROCESSES OCCURRANCES OF DUMMY ARGUMENTS IN LISTS
 556 010147  6451  DIM,    LDIM    /LOOKS UP DIMENSION INFORMATION ON VARIABLES
 557 010150  7114  PUNCH,  LTTYPE  /ADDRESS OF CURRENT OUTPUT ROUTINE
 558 010151  0002  C2,     2
 559 010152  0003  C3,     3
 560 010153  0040  C40,    40
 561 010154  5440  C7240,  5440    /THIS WAS COLON-SPACE NOW ITS COMMA-SPACE
 562 010155  0077  C77,    77
 563 010156  7740  CM40,   -40
 564 010157  3732  CM4046, -4046
 565 010160  7730  CM50,   -50
 566 010161  7727  CM51,   -51
 567 010162  7724  CM54,   -54
 568 010163  7776  CM2,    -2
 569 010164  7775  CM3,    -3
 570 010165  4400  CHECK,  LCHECK
 571 010166  5317  SMODE,  LSMODE
 572 010167  5602  BSS,    LBSS
 573 010170  5154  ARG,    LARG
 574 010171  0054  C54,    54
 575 010172  0200  BASE,   INBUF
 576 010173  0300  BASE2,  INBUF+100
 577 010174  4000  C4000,  4000
 578 010175  0637  GNB,    LGNB
 579                      *177
 580 010177  7200  START,  CLA             /COME HERE AT BEGINNING OF EACH STMT
 581 010200  1112          TAD     IMPDO
 582 010201  7640          SZA CLA
 583 010202  5230          JMP     ERR1    /IF IMPDO<>0 THEN WE MUST HAVE SCREWED UP ON
 584                                       /CONTINUATIONS (I THINK)
 585 010203  2111          ISZ     CHK     /IS THERE A STMT IN THE BUFFER?
 586 010204  5207          JMP     .+3
 587 010205  4767          JMS I   SWAP    /YES, SWITCH BUFFER POINTERS
 588 010206  5211          JMP     .+3
 589 010207  1172          TAD     BASE
 590 010210  4763          JMS I   RCD     /NO, READ THE NEXT LINE
 591 010211  1015  TEST,   TAD     L15
 592 010212  1164          TAD     CM3
 593 010213  3016          DCA     L16     /SET UP XR FOR DO TERMINATION TEST
 594 010214  1054          TAD     L54
 595 010215  7041          CIA
 596 010216  1416          TAD I   L16
 597 010217  7640          SZA CLA         /ARE WE TERMINATING A DO?
 598 010220  5223          JMP     ATRY
 599 010221  4315          JMS     LDNEXT  /TERMINATE DO LOOP
 600 010222  5211          JMP     TEST    /SEE IF THERE IS ANY MORE...
 601 010223  1061  ATRY,   TAD     L61
 602 010224  7640          SZA CLA         /A COMMENT?
 603 010225  5355          JMP     CMNT
 604 010226  1111          TAD     CHK
 605 010227  7640          SZA CLA         /ILLEGAL CONTINUATION?
 606 010230  4523  ERR1,   JMS I   LUNCH
 607 010231  4766          JMS I   STMT    /GET THE STMT NR...
 608 010232  1032          TAD     L32
 609 010233  7450          SNA
 610 010234  5240          JMP     .+4     /NO STMT NUMBER
 611 010235  7041          CIA
 612 010236  1012          TAD     L12
 613 010237  7640          SZA CLA         /CAN WE OMIT A TERMINAL JMP?
 614 010240  4520          JMS I   PRINT
 615 010241  3024          DCA     L24
 616 010242  4341  FLST,   JMS     LIST    /PUNCH SOURCE STMT
 617 010243  4765          JMS I   WIPE    /ZERO THE SUBSCRIPT TEMP. TABLE
 618 010244  1032          TAD     L32
 619 010245  3054          DCA     L54
 620 010246  1163          TAD     CM2
 621 010247  3064          DCA     L64
 622 010250  7410          SKP
 623 010251  3761  ACA,    DCA I   BAREA1
 624 010252  4522          JMS I   GETCH
 625 010253  5256          JMP     ALPH
 626 010254  7000          NOP
 627 010255  4515          JMS I   PUTCH   /PUT CHARACTER BACK
 628 010256  7106  ALPH,   RTL CLL
 629 010257  7006          RTL
 630 010260  7006          RTL
 631 010261  3065          DCA     L65
 632 010262  4522          JMS I   GETCH
 633 010263  5266          JMP     ALPH2
 634 010264  7000          NOP
 635 010265  4515          JMS I   PUTCH   /PUT CHARACTER BACK
 636 010266  1065  ALPH2,  TAD     L65
 637 010267  2064          ISZ     L64
 638 010270  5251          JMP     ACA
 639 010271  3762          DCA I   BAREA2
 640 010272  3111          DCA     CHK
 641 010273  1364          TAD     SSTYP   /COMPARE THESE CHARS WITH DISPATCH TABLE
 642 010274  3017          DCA     L17
 643 010275  1417  TRY,    TAD I   L17
 644 010276  7450          SNA             /END OF THE TABLE?
 645 010277  5514          JMP I   ASSIGN  /YES, MUST BE ARITHMETIC STMT
 646 010300  1761          TAD I   BAREA1
 647 010301  7640          SZA CLA
 648 010302  5312          JMP     NOHIT2
 649 010303  1762          TAD I   BAREA2
 650 010304  1417          TAD I   L17
 651 010305  7640          SZA CLA 
 652 010306  5313          JMP     NOHIT1
 653 010307  1417          TAD I   L17     /FOUND A MATCH, GO TO PROPER HANDLER...
 654 010310  3030          DCA     L30
 655 010311  5430          JMP I   L30
 656 010312  2017  NOHIT2, ISZ     L17
 657 010313  2017  NOHIT1, ISZ     L17
 658 010314  5275          JMP     TRY     /DOESN'T MATCH, TRY AGAIN
 659               
 660 010315  0000  LDNEXT, 0
 661 010316  1015          TAD     L15     /RESET THE DO END POINTER
 662 010317  1164          TAD     CM3
 663 010320  3015          DCA     L15
 664 010321  1015          TAD     L15
 665 010322  7001          IAC
 666 010323  3016          DCA     L16
 667 010324  7040          CMA
 668 010325  1055          TAD     L55
 669 010326  3055          DCA     L55
 670 010327  4516          JMS I   PROP    /PUNCH 'JMP <LABEL>'
 671 010330  6044          6044
 672 010331  1416          TAD I   L16
 673 010332  4517          JMS I   PRCRL
 674 010333  4520          JMS I   PRINT
 675 010334  1416          TAD I   L16     /PUNCH '<LABEL>,'
 676 010335  4542          JMS I   CLAB
 677 010336  4520          JMS I   PRINT
 678 010337  5715          JMP I   LDNEXT
 679               
 680 010340  0000  PTEM,   0
 681               
 682 010341  0000  LIST,   0               /PUNCH THE SOURCE STATEMENT
 683 010342  1172          TAD BASE        /GET THE POINTER
 684 010343  3340          DCA PTEM
 685 010344  1740          TAD I PTEM      /PUNCH A CHARACTER PAIR...
 686 010345  4521          JMS I P2
 687 010346  1740          TAD I PTEM
 688 010347  2340          ISZ PTEM
 689 010350  0155          AND C77
 690 010351  7640          SZA CLA         /END OF THE BUFFER?
 691 010352  5344          JMP LIST+3
 692 010353  4520          JMS I PRINT     /YES, PUNCH A CR-LF AND RETURN
 693 010354  5741          JMP I LIST
 694               
 695 010355  4520  CMNT,   JMS I   PRINT   /WE HAVE A COMMENT
 696 010356  3024          DCA     L24
 697 010357  4341          JMS     LIST
 698 010360  5177          JMP     START
 699               
 700               
 701 010361  2667  BAREA1, AREA1
 702 010362  2670  BAREA2, AREA2
 703 010363  0400  RCD,    LRCD
 704 010364  2577  SSTYP,  STYPE-1         /POINTER TO STATMENT TABLE IN FIELD 1
 705 010365  6527  WIPE,   LWIPE
 706 010366  2200  STMT,   LSTMT
 707 010367  0766  SWAP,   LSWAP
 708                      *400
 709               / THE FOLLOWING ROUTINE IS ENTERED WITH THE BUFFER POINTER IN THE AC
 710               / IT PUTS ONE LINE INTO THE BUFFER,
 711               / CHECKS FOR COMMENTS AND COUTINUATION LINES, AND IF IT IS A
 712               / CONTINUATION IT SETS KOUNT TO THE PROPER COLUMN
 713               /
 714 010400  0000  LRCD,   0
 715 010401  3356          DCA TEM1        /SAVE THE BUFFER POINTER
 716 010402  3756          DCA I TEM1
 717 010403  3111          DCA CHK         /ZERO CONTINUATION FLAG
 718 010404  3020          DCA L20         /ZERO THE EQUALS FLAG
 719 010405  3061          DCA L61         /ZERO THE COMMENT FLAG
 720 010406  1360          TAD CM111       /BUFFER LIMIT IS 72 CHARACTERS
 721 010407  3357          DCA IX
 722 010410  4347  LRCDL,  JMS LPTRIN
 723 010411  0362          AND D177
 724 010412  7450          SNA             /LEADER OR BLANK TAPE?
 725 010413  5210          JMP LRCDL
 726 010414  1363          TAD CM177
 727 010415  7450          SNA             /RUBOUT?
 728 010416  5210          JMP LRCDL
 729 010417  1364          TAD CM15X
 730 010420  7450          SNA             /CAR RETURN?
 731 010421  5240          JMP LCAR
 732 010422  7001          IAC
 733 010423  7440          SZA             /FORM FEED?
 734 010424  1151          TAD     C2
 735 010425  7450          SNA             /LINE FEED?
 736 010426  5210          JMP LRCDL
 737 010427  7001          IAC
 738 010430  7450          SNA             /TAB?
 739 010431  5307          JMP TAB
 740 010432  1365          TAD CM75X
 741 010433  7450          SNA             /AN '=' ?
 742 010434  2020          ISZ L20
 743 010435  1366          TAD C75         /CHAR OK... RESTORE IT & PUT IN BUFFER
 744 010436  4321          JMS KRONK       /PUT IT IN THE BUFFER...
 745 010437  5210          JMP LRCDL       /AND GET ANOTHER
 746               
 747 010440  1357  LCAR,   TAD IX          /PROCESS A CAR RETURN...
 748 010441  7041          CIA
 749 010442  1360          TAD CM111
 750 010443  7650          SNA CLA         /NULL STATEMENT?
 751 010444  5210          JMP LRCDL       /YES, IGNORE
 752 010445  4321          JMS KRONK       /PUT A ZERO IN THE BUFFER
 753 010446  1756          TAD I TEM1
 754 010447  1164          TAD CM3
 755 010450  7450          SNA
 756 010451  5256          JMP     COMNT
 757 010452  1372          TAD     CM20
 758 010453  7640          SZA CLA         /TEST FOR "S" IN COLUMN ONE
 759 010454  5261          JMP     TINUE
 760 010455  5777          JMP I   (SCODE
 761 010456  2061  COMNT,  ISZ L61         /SET COMMENT FLAG...
 762 010457  1153          TAD     C40
 763 010460  5275          JMP     STORSL
 764               
 765 010461  1356  TINUE,  TAD TEM1        /CHECK FOR CONTINUATION...
 766 010462  1152          TAD C3
 767 010463  3355          DCA P           /SET THE POINTER TO COLS. 6 AND 7
 768 010464  1755          TAD I P
 769 010465  0370          AND C5700       /NON-ZERO OR NON BLANK IN COL 6
 770 010466  1174          TAD C4000       /MAKES THIS A CONTINUATION...
 771 010467  7650          SNA CLA         /IS IT?
 772 010470  5300          JMP LRCDA       /MAYBE...
 773 010471  1367  LRCDX,  TAD B7          /YES, MAKE IT START IN COL 7
 774 010472  3113          DCA KOUNT
 775 010473  2111          ISZ CHK         /INCREMENT THE CONTINUATION FLAG
 776 010474  1756          TAD I   TEM1
 777 010475  1370  STORSL, TAD C5700       /MAKE THIS INTO A COMMENT LINE
 778 010476  3756          DCA I TEM1
 779 010477  5600          JMP I LRCD      /THEN RETURN
 780               
 781 010500  1755  LRCDA,  TAD I P         /NUMERIC AND NON-ZERO IN COL 7 MAKES
 782 010501  0155          AND C77         /THIS A CONTINUATION...
 783 010502  1371          TAD CM61
 784 010503  7710          SPA CLA         /IS IT?
 785 010504  5274          JMP LRCDX+3     /NO, RETURN
 786 010505  7001          IAC             /YES, MAKE IT START IN COL 8
 787 010506  5271          JMP LRCDX
 788               
 789 010507  1153  TAB,    TAD C40         /PROCESS TAB CHARACTERS...
 790 010510  4321          JMS KRONK       /PUT SOME SPACES IN THE BUFFER
 791 010511  1357          TAD IX
 792 010512  1152          TAD C3          /MAKE 1ST TAB GO TO COL 7
 793 010513  7500          SMA             /ARE WE AT END OF THE BUFFER?
 794 010514  7200          CLA             /YES, FORCE TERMINATION
 795 010515  0367          AND B7
 796 010516  7640          SZA CLA         /MODULO 8?
 797 010517  5307          JMP TAB         /NO, PUNCH SOME MORE SPACES
 798 010520  5210          JMP LRCDL       /YES, GET ANOTHER CHAR
 799               
 800 010521  0000  KRONK,  0               /PUT A CHARACTER IN THE BUFFER...
 801 010522  3354          DCA CAR
 802 010523  1357          TAD IX          /FIRST COMPUTE BUFFER ADDRESS...
 803 010524  1361          TAD C112
 804 010525  7110          CLL RAR
 805 010526  1356          TAD TEM1
 806 010527  3355          DCA P
 807 010530  1354          TAD CAR         /PICK UP THE CHARACTER
 808 010531  0155          AND C77
 809 010532  7430          SZL             /ZERO LINK SAYS WE WANT THE LEFT HALF
 810 010533  5340          JMP .+5
 811 010534  7006          RTL
 812 010535  7006          RTL
 813 010536  7006          RTL
 814 010537  3755          DCA I P
 815 010540  1755          TAD I P         /ADD IN THE LEFT 6 BITS
 816 010541  3755          DCA I P         /AND SALT THEM AWAY...
 817 010542  2357          ISZ IX          /BUFFER OVERFLOW?
 818 010543  5721          JMP I KRONK
 819 010544  7240          CLA CMA         /YES, RESET THE INDEX
 820 010545  3357          DCA IX
 821 010546  5721          JMP I KRONK
 822               
 823 010547  0000  LPTRIN, 0               /PAPER TAPE READER INPUT ROUTINE
 824 010550  6011          RSF
 825 010551  5350          JMP .-1
 826 010552  6016          RRB RFC
 827 010553  5747          JMP I LPTRIN
 828               
 829 010554  0000  CAR,    0               /TEMPORARY, HOLDS THE CURRENT CHARACTER
 830 010555  0000  P,      0               /THIS IS THE BUFFER POINTER
 831 010556  0000  TEM1,   0               /THIS CONTAINS THE CURRENT BUFFER ADDRESS
 832 010557  0000  IX,     0               /THIS IS THE CHARACTER COUNTER
 833 010560  7667  CM111,  -111            /MINUS THE BUFFER LIMIT PLUS ONE
 834 010561  0112  C112,   112             /THIS IS THE BUFFER LIMIT PLUS TWO
 835 010562  0177  D177,   177
 836 010563  7601  CM177,  -177
 837 010564  0162  CM15X,  177-15
 838 010565  7714  CM75X,  11-75
 839 010566  0075  C75,    75
 840 010567  0007  B7,     7
 841 010570  5700  C5700,  5700
 842 010571  7717  CM61,   -61
 843 010572  7760  CM20,   -20
 844 010573  6100  M1700,  -1700
 845 010577  1746         *600
 846 010600  1113  CAL,    TAD     KOUNT   /SUBROUTINE CALL STMT PROCESSOR
 847 010601  3205          DCA     COUNT3
 848 010602  4527          JMS I   ENTITY
 849 010603  5514          JMP I   ASSIGN
 850 010604  5210          JMP     ON
 851 010605  0000  COUNT3, 0
 852 010606  0012  Q12,    12
 853 010607  5514          JMP I   ASSIGN
 854 010610  4575  ON,     JMS I   GNB
 855 010611  7450          SNA             /ANY ARGUMENTS?
 856 010612  5227          JMP     CR2     /NO
 857 010613  1160          TAD     CM50
 858 010614  7440          SZA             /MAYBE, IS THIS A '(' ?
 859 010615  5514          JMP I   ASSIGN
 860 010616  4526          JMS I   ZZZ     /YES, PUNCH STMT NR, IF ANY
 861 010617  1205          TAD     COUNT3
 862 010620  3113          DCA     KOUNT
 863 010621  2044          ISZ     L44
 864 010622  3046          DCA     L46     /AC SWITCH
 865 010623  3052          DCA     L52     /IF STATEMENT SWITCH
 866 010624  4540          JMS I   GENER   /LET TRIPLE GENERATOR PROCESS IT
 867 010625  3046          DCA     L46     /ZERO AC AGAIN
 868 010626  5177          JMP     START   /COMPLETE, GET NEXT STATEMENT
 869 010627  2032  CR2,    ISZ     L32     /NO ARGUMENTS
 870 010630  4530          JMS I   SYMTAB
 871 010631  1077          TAD     L77
 872 010632  3235          DCA     GLU
 873 010633  4526          JMS I   ZZZ     /PUNCH '<LABEL>, CALL 0,<NAME>'
 874 010634  4544          JMS I   FPROP
 875 010635  0000  GLU,    0
 876 010636  5177          JMP     START
 877 010637  0000  LGNB,   0
 878 010640  4330          JMS     LGTC
 879 010641  3235          DCA     GLU
 880 010642  1235          TAD     GLU
 881 010643  1156          TAD     CM40
 882 010644  7650          SNA CLA
 883 010645  5240          JMP     LGNB+1
 884 010646  1235          TAD     GLU
 885 010647  5637          JMP I   LGNB
 886 010650  0000  LGETCH, 0
 887 010651  4575          JMS I   GNB
 888 010652  7450          SNA             /IS IT A END OF CARD
 889 010653  5264          JMP     PUNC    /YES ITS PUNTUATION
 890 010654  1327          TAD     QM32
 891 010655  7550          SPA SNA         /IS IT ALPHABETIC
 892 010656  5265          JMP     ALPHA           //YES
 893 010657  1156          TAD     CM40
 894 010660  7100          CLL
 895 010661  1206          TAD     Q12
 896 010662  7430          SZL             /IS IT NUMERIC?
 897 010663  2250          ISZ     LGETCH  /NUMERIC
 898 010664  2250  PUNC,   ISZ     LGETCH  /PUNCTUATION
 899 010665  7200  ALPHA,  CLA             /ALPHABETIC
 900 010666  1235          TAD     GLU
 901 010667  5650          JMP I   LGETCH  /RETURN
 902               /       THIS ROUTINE DETERMINES WHETHER SYMBOL IS FP OR INTEBER
 903               /       ROUTINE SKIPS IF SYMBOL IS INTEGER
 904 010670  0000  AMODE,  0
 905 010671  7500          SMA             /IF ITS PLUS WE HAVE AN INTEGER
 906 010672  5322          JMP     AINT    /WE HAVE AN INTEGER
 907 010673  7004          RAL             /GET NEXT BIT
 908 010674  7510          SPA             /CHECK THIS BIT
 909 010675  5304          JMP     FV      /ITS EITHER A FCON OR VARIABLE
 910 010676  7006          RTL             /GET NEXT TWO BITS
 911 010677  7420          SNL             /IS IT AN OPERATOR
 912 010700  4523  ERR2,   JMS I   LUNCH   /YES
 913 010701  7700  AFP,    SMA CLA         /CHECK THIS BIT
 914 010702  5322          JMP     AINT    /ITS AN INTEGER
 915 010703  5670          JMP I   AMODE   /SYMBOL WAS F P MODE
 916 010704  7010  FV,     RAR             /RESTORE AC TO ORIGINAL CONTENTS
 917 010705  7041          CIA             /SET NEGATIVE
 918 010706  1047          TAD     L47     /ADD START OF FCON TABLE
 919 010707  7510          SPA             /IS     /SYMBOL FCON
 920 010710  5301          JMP     AFP     /YES
 921 010711  7041          CIA             /NO     /RESTORE AC AGAIN
 922 010712  1047          TAD     L47
 923 010713  3325          DCA     ATEM    /SAVE THE RESTORED NUMBER
 924 010714  1725          TAD I   ATEM    /GET THE POINTER TO THE VARIABLE
 925 010715  1326          TAD     CM1100  /SUBTRACT AN I
 926 010716  7510          SPA             /IS IT LESS THAN I
 927 010717  5301          JMP     AFP     /YES    ITS FLOATING POINT
 928 010720  1323          TAD     CON1    /NOW SUBTRACT AN N
 929 010721  7710          SPA CLA         /IS IT LESS THAN N
 930 010722  2270  AINT,   ISZ     AMODE   /YES
 931 010723  7200  CON1,   CLA             /CLEAR THE AC FOR THE RETURN
 932 010724  5670          JMP I   AMODE
 933 010725  0000  ATEM,   0
 934 010726  6700  CM1100, -1100
 935 010727  7746  QM32,   -32
 936 010730  0000  LGTC,   0               /GET A CHARACTER FROM THE BUFFER
 937 010731  1113          TAD     KOUNT
 938 010732  2113          ISZ     KOUNT
 939 010733  7110          CLL RAR         /LINK TELLS IF LEFT OR RIGHT HALF
 940 010734  1172          TAD     BASE
 941 010735  3235          DCA     GLU
 942 010736  1635          TAD I   GLU
 943 010737  7430          SZL             /WHICH CHARACTER
 944 010740  5344          JMP     MMSK
 945 010741  7012          RTR
 946 010742  7012          RTR
 947 010743  7012          RTR
 948 010744  0155  MMSK,   AND     C77
 949 010745  7440          SZA
 950 010746  5730          JMP I   LGTC
 951 010747  1111          TAD     CHK
 952 010750  7710          SPA CLA         /DO WE WANT A NEW LINE YET?
 953 010751  5730          JMP I   LGTC    /NOT YET...
 954 010752  1173          TAD     BASE2   /YES, USE THE ALTERNATE BUFFER
 955 010753  4765          JMS I   RLCD
 956 010754  1111          TAD     CHK
 957 010755  7640          SZA CLA         /IS IT A CONTINUATION?
 958 010756  5362          JMP     .+4
 959 010757  7040          CMA             /NO, SET FLAG AND RETURN W ZERO AC
 960 010760  3111          DCA     CHK
 961 010761  5730          JMP I   LGTC
 962 010762  4366          JMS     LSWAP   /YES, SWITCH BUFFERS AND CONTINUE
 963 010763  3111          DCA     CHK
 964 010764  5331          JMP     LGTC+1
 965               
 966 010765  0400  RLCD,   LRCD
 967 010766  0000  LSWAP,  0               /SWITCH THE LINE BUFFER POINTERS
 968 010767  1172          TAD     BASE
 969 010770  3325          DCA     ATEM
 970 010771  1173          TAD     BASE2
 971 010772  3172          DCA     BASE
 972 010773  1325          TAD     ATEM
 973 010774  3173          DCA     BASE2
 974 010775  5766          JMP I   LSWAP
 975                      *1000
 976               /       THE POINTER TO THE CURRENT LOCATION IN THE PUSH LIST IS
 977               /       IN LOC 41,  THE CURRENT TRIPLE NUMBER IS IN LOCATION 40
 978               /       LOC 44 MUST BE SET TO 0 IF THERE IS AN '=' , TO 1 IF NOT.
 979 011000  2670  PBEGN,  AREA2           /START OF THE PRECEDENCE LIST
 980 011001  1032  BINTEG, TAD     L32     /HERE IF ENTITY SENT AN INTEGER
 981 011002  5760          JMP I   BPUSH   /PUSH IT INTO STACK
 982 011003  4775  FLPT,   JMS I   FCON    /HERE IF ENTITY FOUND A FLOATING POINT CON
 983 011004  7410          SKP             /ENTER IT INTO FPTABLE
 984 011005  4530  BLPHA,  JMS I   SYMTAB  /HERE IF ENTITY FOUND A VARIABLE
 985 011006  1077          TAD     L77     /PICK UP POINTER INTO SYM TAB OR FLPT TAB AN
 986 011007  5760          JMP I   BPUSH   /PUSH IT DOWN
 987 011010  5611  LABELX, JMP I   LGENER
 988 011011  0000  LGENER, 0               /ENTRY POINT
 989 011012  1361          TAD     C5000
 990 011013  3040          DCA     L40     /*
 991 011014  3021          DCA     L21     /ZERO THE SYMBOL TABLE SWITCH
 992 011015  1071          TAD     L71
 993 011016  3041          DCA     L41     /SET PUSH DOWN POINTER
 994 011017  3022          DCA     L22
 995 011020  3066          DCA     BPAREN  /ZERO OUT THE PAREN SWITCH
 996 011021  1174          TAD     C4000
 997 011022  3441          DCA I   L41     /FIRST PUSH DOWN LEFT CLOSURE NAMELY 0
 998 011023  4527  BNEXT,  JMS I   ENTITY  /THIS WILL GET THE NEXT DATUM TO BE PROCESSE
 999 011024  5230          JMP     HOO     /END OF STATEMENT RETURN,TREAT LIKE PUNCTION
1000 011025  5205          JMP     BLPHA   /VARIABLE RETURN
1001 011026  5201          JMP     BINTEG  /INTEGER RETURN
1002 011027  5203          JMP     FLPT    /FLOATING POINT RETURN
1003 011030  1160  HOO,    TAD     CM50    /PUNCTIOATION RETURN,
1004 011031  7450          SNA             /IS IT (
1005 011032  5762          JMP I   BPAR    /YES
1006 011033  1363          TAD     C7753
1007 011034  7440          SZA             /IS IT AN '=' ?
1008 011035  5246          JMP     BRET
1009 011036  1044          TAD     L44     /WE HAVE AN '=',  IS IT LEGAL?
1010 011037  7650          SNA CLA
1011 011040  5246          JMP     BRET    /IT IS
1012 011041  1112          TAD     IMPDO
1013 011042  7640          SZA CLA         /ARE WE IN AN IMPLIED DO LOOP?
1014 011043  5645          JMP I   PIOEQL  /YES - TERMINATE LOOP CODE
1015 011044  4523  ERR3,   JMS I   LUNCH
1016 011045  6164  PIOEQL, IOEQL
1017 011046  1364  BRET,   TAD     C0075
1018 011047  3063          DCA     L63
1019 011050  1441          TAD I   L41     /CHECK FOR A UNARY OPERATOR
1020 011051  1174          TAD     C4000
1021 011052  0365          AND     C7000
1022 011053  7640          SZA CLA         /WAS IT AN OPERAATOR AT ALL
1023 011054  5266          JMP     PREC    /NO, STILL NOT UNARY OPERATOR
1024 011055  1063          TAD     L63
1025 011056  1367          TAD     C7725
1026 011057  7450          SNA             /IS IT A '+'  
1027 011060  5223          JMP     BNEXT   /YES, IGNORE IT
1028 011061  1163          TAD     CM2     /NO
1029 011062  7640          SZA CLA         /IS IT A '-' ?
1030 011063  5244          JMP     ERR3
1031 011064  1370          TAD     C4643   /THIS IS THE UNARY MINUS
1032 011065  5760          JMP I   BPUSH
1033 011066  1200  PREC,   TAD     PBEGN   /HERE IS WHERE WE FIND THE PRECIDENCE
1034 011067  3017          DCA     L17
1035 011070  3065          DCA     L65
1036 011071  7410          SKP
1037 011072  2017  RETUR,  ISZ     L17     /PICK UP NEXT OP CODE IN LIST
1038 011073  1417          TAD I   L17     /TO GET THE NEXT LIST ITEM
1039 011074  7540          SMA SZA         /IS THIS THE END OF THE LIST
1040 011075  5303          JMP     BMORE   /NO, THE ASSUMPTION IS THAT THE PRECIDENCE
1041 011076  1063          TAD     L63     /IS ZERO
1042 011077  7640          SZA CLA         /IS THIS THE RIGHT TABLE ENTRY
1043 011100  5272          JMP     RETUR   /TRY AGAIN      (IT WASN"T)
1044 011101  1417          TAD I   L17     /TO GET THE PRECEDENCE
1045 011102  3065          DCA     L65
1046 011103  7201  BMORE,  CLA IAC         /HERE WE ARE GOING TO SEE IF THERE IS A PREC
1047 011104  1041          TAD     L41
1048 011105  3064          DCA     L64     /L64 NOW POINTS TO THE PREVIOUS OPERATOR
1049 011106  1464          TAD I   L64
1050 011107  1174          TAD     C4000
1051 011110  0365          AND     C7000
1052 011111  7440          SZA             /IS THERE A VALID OPERATOR ON THE STACK?
1053 011112  5244          JMP     ERR3    /APPARENTLY NOT...
1054 011113  1464          TAD I   L64     /IF THE PRECEDENCE OF THE PREVIOUS OPERATOR
1055 011114  0371          AND     C700    /IS NON-ZERO, AND ITS PRECEDENCE IS GREATER
1056 011115  7450          SNA             /THAN OR EQUAL TO THE PRECEDENCE OF THE
1057 011116  5335          JMP     NO      /CURRENT OPERATOR, THEN PROCESS THE PREVIOUS
1058 011117  7041          CIA             /OPERATOR; IF NOT WE WILL PROBABLY PUT
1059 011120  1065          TAD     L65     /THE CURRENT OPERATOR ON THE STACK AND GET
1060 011121  7740          SMA SZA CLA     /ANOTHER ITEM FROM THE STATEMENT BUFFER...
1061 011122  5335          JMP     NO
1062 011123  2040          ISZ     L40     /YES, INCREMENT THE TRIPLE NUMBER AND....
1063 011124  4537          JMS I   TRIPL   /PROCESS THE PREVIOUS OPERATOR
1064 011125  2041          ISZ     L41     /*****NOTE      WHAT IF IT WAS UNARY************
1065 011126  1441          TAD I   L41
1066 011127  1372          TAD     C3135   /THIS IS MINUS UNARY MINUS
1067 011130  7640          SZA CLA
1068 011131  2041          ISZ     L41     /DELETE THE LAST 3 ITEMS AND REPLACE WITH TR
1069 011132  1046          TAD     L46
1070 011133  3441          DCA I   L41
1071 011134  5303          JMP     BMORE   /TRY FOR ANOTHER TRIPLE
1072 011135  1063  NO,     TAD     L63
1073 011136  7450          SNA             /IS IT A END OF STATEMENT MARK
1074 011137  5773          JMP I   LCDONE  /IT WAS--WE ARE ALL FINISHED, EXCEPT CHECKING
1075 011140  1161          TAD     CM51
1076 011141  7450          SNA             /IS IT A ')' ?
1077 011142  5774          JMP I   LKPAR   /YES
1078 011143  1164          TAD     CM3
1079 011144  7440          SZA             /IS IT A ',' ?
1080 011145  5351          JMP     NCOMMA  /NO
1081 011146  1066          TAD     BPAREN
1082 011147  7650          SNA CLA         /IS A COMMA LEGAL HERE?
1083 011150  5773          JMP I   LCDONE  /MAYBE...
1084 011151  1366  NCOMMA, TAD     CM21
1085 011152  7650          SNA CLA         /IS IT AN EQUALS SIGN?
1086 011153  2044          ISZ     L44     /YES - SET EQUALS SWITCH ON
1087 011154  1063          TAD     L63     /PUT THE OPERATOR ON THE STACK
1088 011155  1065          TAD     L65     /ADD THE PRECEDENCE
1089 011156  1174          TAD     C4000
1090 011157  5760          JMP I   BPUSH
1091               /
1092 011160  1200  BPUSH,  PUSH
1093 011161  5000  C5000,  5000
1094 011162  1300  BPAR,   ALPAR
1095 011163  7753  C7753,  7753
1096 011164  0075  C0075,  75
1097 011165  7000  C7000,  7000
1098 011166  7757  CM21,   -21
1099 011167  7725  C7725,  7725
1100 011170  4643  C4643,  4643
1101 011171  0700  C700,   700
1102 011172  3135  C3135,  3135
1103 011173  1232  LCDONE, CDONE
1104 011174  1207  LKPAR,  KPAR
1105 011175  2444  FCON,   LFCON
1106                      *1200
1107 011200  3063  PUSH,   DCA     L63
1108 011201  7240          CLA CMA
1109 011202  1041          TAD     L41     /SPACE THE POINTER UP ONE
1110 011203  3041          DCA     L41     /*
1111 011204  1063          TAD     L63
1112 011205  3441          DCA I   L41     /*
1113 011206  5726          JMP I   LBNEXT  /BACK TO BEGINING
1114               /       THIS IS TO PROCESS SUBSCRIPTS OR FUNCTION CALLS---
1115               / IF ARITHMETIC, JUST DELETE BOTH ( AND )
1116 011207  1464  KPAR,   TAD I   L64
1117 011210  1327          TAD     C3730   /MINUS LEFT PAREN
1118 011211  7440          SZA             /IS IT (
1119 011212  5242          JMP     BCON    /NO-- CHECK SOME MORE
1120 011213  1441          TAD I   L41     /DELETE PARENS
1121 011214  3464          DCA I   L64
1122 011215  2041          ISZ     L41     /UPDATE POINTER
1123 011216  2066  LAPP,   ISZ     BPAREN  /DO PARENS BALENCE
1124 011217  5726          JMP I   LBNEXT
1125 011220  1052          TAD     L52     /YES
1126 011221  7650          SNA CLA         /SHOULD WE RETURN IF BALANCED
1127 011222  5726          JMP I   LBNEXT
1128 011223  1046          TAD     L46
1129 011224  7640          SZA CLA
1130 011225  5232          JMP     CDONE
1131 011226  1441          TAD I   L41
1132 011227  3077          DCA     L77
1133 011230  4737          JMS I   XTAD    /GENERATE TAD OR (TAD I)
1134 011231  3441          DCA I   L41     /ZERO IS INTEGER
1135 011232  1041  CDONE,  TAD     L41
1136 011233  7040          CMA
1137 011234  1071          TAD     L71
1138 011235  7440          SZA             /WELL...
1139 011236  4523  ERR6,   JMS I   LUNCH   /HA...YOU GOOFED
1140 011237  4725          JMS I   XZQ
1141 011240  5641          JMP I   .+1
1142 011241  1010          LABELX
1143 011242  7001  BCON,   IAC             /IS IT FUNCTION
1144 011243  2040          ISZ     L40
1145 011244  7450          SNA
1146 011245  5275          JMP     BFOUT   /YES
1147 011246  7001          IAC             /NO-- NOW IS IT SUBSCRIPT
1148 011247  7450          SNA     
1149 011250  5270          JMP     SOUT    /YES
1150 011251  1330          TAD     C7772   /NO
1151 011252  7440          SZA             /IS IT COMMA
1152 011253  5236          JMP     ERR6    /NO - BYE BYE CHARLIE
1153 011254  2064          ISZ     L64
1154 011255  2064          ISZ     L64
1155 011256  1464          TAD I   L64
1156 011257  1331          TAD     C3724   /IS IT A COMMA
1157 011260  7450          SNA
1158 011261  5275          JMP     BFOUT   /FOUND TWO COMMAS,MUST BE FUNCTION
1159 011262  1332          TAD     C5      /NO
1160 011263  7450          SNA             /IS IT A PRIME
1161 011264  5275          JMP     BFOUT   /GOT A FUNCTION
1162 011265  7001          IAC             /NO
1163 011266  7640          SZA CLA
1164 011267  5236          JMP     ERR6    /SORRY, IT AIN'T NUTTIN
1165 011270  4763  SOUT,   JMS I   PLSBSC          /PROCESS A SUBSCRIPT
1166 011271  7040          CMA
1167 011272  1022          TAD     L22
1168 011273  3022          DCA     L22
1169 011274  7410          SKP
1170 011275  4677  BFOUT,  JMS I   FUNCT
1171 011276  5216          JMP     LAPP
1172 011277  3640  FUNCT,  LFUNCT
1173               / THIS IS WHERE WE FIND OUT WHAT KIND OF LPAR
1174 011300  7040  ALPAR,  CMA
1175 011301  1066          TAD     BPAREN
1176 011302  3066          DCA     BPAREN
1177 011303  1441          TAD I   L41
1178 011304  1174          TAD     C4000
1179 011305  0334          AND     B7000   /IS IT AN OPERAND
1180 011306  7640          SZA CLA 
1181 011307  5312          JMP     CUNT    /NO     , TRY SOME MORE
1182 011310  7001          IAC
1183 011311  5323          JMP     PRIME
1184 011312  1441  CUNT,   TAD I   L41     /PICK UP TOP LIST ITEM
1185 011313  1151          TAD     C2      /ADD TWO TO FIND THE DIMENSION INTO(INFO)
1186 011314  3064          DCA     L64
1187 011315  1464          TAD I   L64
1188 011316  0335          AND     C20     /JUST WANT ONLY THIS ONE BIT(DIMENSION)
1189 011317  7650          SNA CLA         /IS IT DIMENSIONED
1190 011320  5323          JMP     PRIME   /NO     ITS GOT TO BE A FUNCTION CALL
1191 011321  2022          ISZ     L22
1192 011322  7040          CMA
1193 011323  1336  PRIME,  TAD     C4047
1194 011324  5200          JMP     PUSH    /GO PUSH A PRIME, IT IS THE FUNCTIONS LEFT PAREN
1195 011325  5265  XZQ,    LXZQ
1196 011326  1023  LBNEXT, BNEXT
1197 011327  3730  C3730,  3730
1198 011330  7772  C7772,  7772
1199 011331  3724  C3724,  3724
1200 011332  0005  C5,     5
1201 011333  0007  D7,     7
1202 011334  7000  B7000,  7000
1203 011335  0020  C20,    20
1204 011336  4047  C4047,  4047
1205 011337  3134  XTAD,   LXTAD
1206 011340  0000  LPUTCH, 0
1207 011341  7240          CLA CMA
1208 011342  1113          TAD     KOUNT
1209 011343  3113          DCA     KOUNT
1210 011344  5740          JMP I   LPUTCH
1211               
1212 011345  1020  LASIGN, TAD     L20     /ARITHMETIC STATEMENT PROCESSOR
1213 011346  7650          SNA CLA         /IS THERE AN '=' IN THE STMT?
1214 011347  4523  ERR9,   JMS I   LUNCH   /NO, BETTER COMPLAIN...
1215 011350  1333          TAD     D7      /SET POINTER TO COL 7
1216 011351  3113          DCA     KOUNT
1217 011352  4526          JMS I   ZZZ     /PUNCH THE LABEL, IF ANY
1218 011353  3046          DCA     L46
1219 011354  3044          DCA     L44
1220 011355  3052          DCA     L52
1221 011356  4540          JMS I   GENER   /PROCESS IT...
1222 011357  1063          TAD     L63
1223 011360  7640          SZA CLA         /WAS TERMINATOR A <CR/LF> ?
1224 011361  5347          JMP     ERR9    /NO, ILLEGAL STATEMENT ERROR ...
1225 011362  5177          JMP     START
1226 011363  6561  PLSBSC, LSUBSC
1227               
1228 011364  0000  LPRCRL, 0               /SUBROUTINE PRINTS CREATED LABELS
1229 011365  3374          DCA LPRCTM
1230 011366  1373          TAD C36         /PUNCH '^'
1231 011367  4520          JMS I PRINT
1232 011370  1374          TAD LPRCTM      /PUNCH THE LETTERS
1233 011371  4521          JMS I P2
1234 011372  5764          JMP I LPRCRL
1235 011373  0036  C36,    36
1236 011374  0000  LPRCTM, 0
1237                      *1400
1238 011400  2205  PRET,   ISZ     LENTT   /PUNCTIONATION EXIT POINT
1239 011401  2205  FRET,   ISZ     LENTT   /FLOATING POINT EXIT POINT
1240 011402  2205  XIRET,  ISZ     LENTT   /INTEGER EXIT POINT
1241 011403  2205  XARET,  ISZ     LENTT   /VARIABLE EXIT
1242 011404  5605  ERET,   JMP I   LENTT   /CR END OF LINE EXIT
1243 011405  0000  LENTT,  0               /ENTRY POINT
1244 011406  7200          CLA             /WIPE OUT PSEUDO ACCUMULATOR
1245 011407  3032          DCA     L32
1246 011410  3031          DCA     L31
1247 011411  3100          DCA     COUNT2  /RESET ALL KINDS OF THINGS TO ZERO
1248 011412  3036          DCA     L36
1249 011413  3037          DCA     L37
1250 011414  3030          DCA     L30
1251 011415  3102          DCA     FPSW
1252 011416  3101          DCA     ESIGN
1253 011417  1342          TAD     CM6
1254 011420  3065          DCA     L65     /SET UP FOR MAXIMUM OF 6 CHARS
1255 011421  4522          JMS I   GETCH   /GET THE FIRST INPUT CHARACTER
1256 011422  5225          JMP     .+3     /ALPHA RETURN
1257 011423  5267          JMP     PUNCT   /PUNCTIONATION RETURN
1258 011424  5315          JMP     DIG     /DIGIT RETURN
1259 011425  4237          JMS     PACK    /STORE THIS CHARACTER
1260 011426  4522          JMS I   GETCH   /GET ANOTHER CHACTER
1261 011427  5225          JMP     .-2     /ALPHA- IS OK
1262 011430  7410          SKP             /PUNCTUATION
1263 011431  5225          JMP     .-4     /DIGIT--IS OK PROCESS IT
1264 011432  4515          JMS I   PUTCH   /PUT THAT PUNCTUATION BACK IN THE BUFFER
1265 011433  1032          TAD     L32
1266 011434  0371          AND     CC7700  /MAKE SURE NAME IS <= 5 CHARACTERS LONG
1267 011435  3032          DCA     L32
1268 011436  5203          JMP     XARET   /RETURN WITH VARIABLE
1269               
1270 011437  0000  PACK,   0               /THIS PACK CHARS INTO L30 L31 AND L32
1271 011440  3064          DCA     L64     /SAVE THE CHAR...
1272 011441  1065          TAD     L65
1273 011442  7450          SNA             /DO WE HAVE SIX CHARS ALREADY?
1274 011443  5637          JMP I   PACK    /YES - IGNORE
1275 011444  7120          STL; RAR
     011445  7010  
1276 011446  1341          TAD     P33
1277 011447  3266          DCA     LTEM
1278 011450  2065          ISZ     L65
1279 011451  0007  C7,     7
1280 011452  1064          TAD     L64
1281 011453  6211          CDF 10
1282 011454  7420          SNL             /DO WE HAVE LEFT OR RIGHT HALF?
1283 011455  5262          JMP     .+5
1284 011456  7106          CLL RTL         /MUST BE LEFT HALF...
1285 011457  7006          RTL
1286 011460  7006          RTL
1287 011461  7410          SKP
1288 011462  1666          TAD I   LTEM
1289 011463  3666          DCA I   LTEM
1290 011464  6201          CDF 00
1291 011465  5637          JMP I   PACK
1292 011466  0000  LTEM,   0
1293               
1294 011467  7450  PUNCT,  SNA             /HERE TO PROCESS PUNCTION---IS IT A CARIAGE RET
1295 011470  5204          JMP     ERET    /YES,   GO RIGHT BACKTO THE CALLER....BY-BY
1296 011471  1343          TAD     C7722   /IS IT A PERIOD
1297 011472  7450          SNA
1298 011473  5326          JMP     CC      /YES--WE ASSUME THAT THIS LENTT IS A FLOATING
1299 011474  1251          TAD     C7
1300 011475  7450          SNA             /IS IT A QUOTE?
1301 011476  5753          JMP I   QUOTE   /YES - CHARACTER LITERAL
1302 011477  1164          TAD     CM3
1303 011500  7440          SZA             /IS IT AN ASTERISK
1304 011501  5306          JMP     NAH     /NO
1305 011502  4522          JMS I   GETCH   /YES- PEEK AT NEXT CHAR
1306 011503  5305          JMP     NOASS   /ALPHA-- PUT IT BACK
1307 011504  5310          JMP     ASSCK   /PUNCTUATION-- CHECK FOR AN ASTERISK
1308 011505  4515  NOASS,  JMS I   PUTCH   /DIGIT---PUT IT BACK
1309 011506  1344  NAH,    TAD     X52     /RESTORE CHARACTER TO WHAT IT WAS
1310 011507  5200          JMP     PRET    /THATS ALL---IT WAS PUNCTIONATION
1311 011510  1345  ASSCK,  TAD     CM52    /ANOTHER PUNCTUATION--IS IT (*)
1312 011511  7440          SZA
1313 011512  5305          JMP     NOASS   /NO---PUT IT BACK
1314 011513  1350          TAD     C45     /IT WAS-- CHANGE ** TO PERCENT
1315 011514  5200          JMP     PRET    /---ALTERED PUNCTUATION
1316 011515  0346  DIG,    AND     C17     /FIRST CHAR WAS A DIGIT,        DONT KNOW IS INTEGER O
1317 011516  3032          DCA     L32     /AT ANY RATE SAVE IT IN THE PSEUDO ACCUMULATER
1318 011517  4522  CA,     JMS I   GETCH   /GET ANOTHER CHACTER
1319 011520  5747          JMP I   LTESTE  /ALPHA--GO SEE IF IT IS AN -E-
1320 011521  7410          SKP             /PUNCT
1321 011522  5334          JMP     BONT    /DIGIT GO PROCESS IT
1322 011523  1343          TAD     C7722   /PUNCTUATION HERE,      IS IT A PERIOD
1323 011524  7440          SZA
1324 011525  5751          JMP I   LCOP    / IT IS . WE HAVE A FLOATING POINT NUMBER
1325 011526  1102  CC,     TAD     FPSW
1326 011527  7440          SZA
1327 011530  4523  ERR10,  JMS I   LUNCH   /TOO MANY (.)
1328 011531  2102          ISZ     FPSW
1329 011532  3100          DCA     COUNT2
1330 011533  5317          JMP     CA      /GO BACK AND GET ANOTHER CHAR
1331 011534  0346  BONT,   AND     C17     /***COME HERE WITH ANOTHER DIGIT.
1332 011535  3036          DCA     L36     /SAVE IT
1333 011536  2100          ISZ     COUNT2
1334 011537  4752          JMS I   LMUL10  / AC = AC * 10 + DIGIT
1335 011540  5317          JMP     CA      /GO GET ANOTHER CHAR
1336 011541  0033  P33,    L30+3
1337 011542  7772  CM6,    -6
1338 011543  7722  C7722,  7722
1339 011544  0052  X52,    52
1340 011545  7726  CM52,   -52
1341 011546  0017  C17,    17
1342 011547  1600  LTESTE, TESTE
1343 011550  0045  C45,    45
1344 011551  1640  LCOP,   COP
1345 011552  2120  LMUL10, MUL10
1346 011553  3763  QUOTE,  LQUOTE
1347               
1348               
1349 011554  0000  DMPLIN, 0               /SUBROUTINE TO DUMP "LAST LINE" BUFFER
1350 011555  2024          ISZ     L24
1351 011556  1424          TAD I   L24     /GET NEXT CHAR
1352 011557  4550          JMS I   PUNCH   /PUNCH IT
1353 011560  1424          TAD I   L24
1354 011561  1370          TAD     CM212
1355 011562  7640          SZA CLA         /IS CHAR A LINE FEED?
1356 011563  5355          JMP     DMPLIN+1        /NO
1357 011564  7201          CLA IAC
1358 011565  3024          DCA     L24     /RESET POINTER
1359 011566  3012          DCA     L12     /ZERO CONTENTS FLAG
1360 011567  5754          JMP I   DMPLIN  /RETURN
1361 011570  7566  CM212,  -212
1362 011571  7700  CC7700, 7700
1363                      *1600
1364 011600  1336  TESTE,  TAD     C7773   /IS IT E
1365 011601  7440          SZA
1366 011602  5240          JMP     COP     /NO, GO PUT IT BACK AND PROCESS
1367               /       HERE IF EXPONENT FOLLOWES
1368 011603  3037          DCA     L37     /IT WAS AN E
1369               / THIS ROUTINE IS TO PROCESS THE EXPONENT THAT FOLLOWES THE -E- THAT WE
1370               /
1371 011604  2102          ISZ     FPSW    /MAKE SURE THE FLOATING POINT SWITCH WAS KICKED
1372 011605  4522          JMS I   GETCH   /GET ANOTHER CHAR
1373 011606  5254          JMP     ERR12   /ALPHA  , CANT BE-- SO LONG, ITS BEEN NICE
1374 011607  7410          SKP             /PUNCT
1375 011610  5224          JMP     CD      /DIGIT, GO PROCESS IT
1376 011611  1337          TAD     X7725   /IS IT PULS SIGN
1377 011612  7450          SNA
1378 011613  5221          JMP     CF      /YES, IGNOR IT
1379 011614  1163          TAD     CM2
1380 011615  7440          SZA             /IS IT MINUS
1381 011616  5240          JMP     COP     /NO, GO PROCESS THE FLOATING POINT NUMBER
1382 011617  7240          CLA CMA
1383 011620  3101          DCA     ESIGN   /YES- REMEMBER THAT THE EXPONENT WAS MINUS
1384 011621  4522  CF,     JMS I   GETCH   /GET ANOTHER CHAR
1385 011622  5240          JMP     COP     /ALPHA, ALL READY TO PROCESS
1386 011623  5240          JMP     COP     /PUNCTUATION, READY TO PROCESS
1387 011624  0340  CD,     AND     X17     /DIGIT
1388 011625  3036          DCA     L36     /SAVE IT IN 36 AND..
1389 011626  1037          TAD     L37     /MULTIPLY THE - EXPONENT TO DATE- BY 10
1390 011627  7104          RAL CLL
1391 011630  3037          DCA     L37
1392 011631  1037          TAD     L37
1393 011632  7104          RAL CLL
1394 011633  7104          RAL CLL
1395 011634  1037          TAD     L37
1396 011635  1036          TAD     L36     /AND ADD IN THIS DIGIT I.E. 37C10*
1397 011636  3037          DCA     L37     / L37 = 10 * L37 + L36
1398 011637  5221          JMP     CF      /GO DO IT AGAIN
1399 011640  4515  COP,    JMS I   PUTCH
1400 011641  7300          CLA CLL         /PROCESS THIS NUMBER
1401 011642  1102          TAD     FPSW    /IS IT AN INTEGER
1402 011643  7640          SZA CLA
1403 011644  5257          JMP     CH      /NO, MUST BE FLOATING POINT
1404               /       INTEGER IS IN ACC
1405 011645  1030          TAD     L30     /YESS
1406 011646  7450          SNA             /MAKE SURE INTEGER IS VALID
1407 011647  1031          TAD     L31
1408 011650  7640          SZA CLA
1409 011651  5254          JMP     ERR12
1410 011652  1032          TAD     L32
1411 011653  7710          SPA CLA
1412 011654  4523  ERR12,  JMS I    LUNCH   /TOO BIG
1413 011655  5656          JMP I   .+1     /TAKE INTEGER RETURN WITH INTEGER IN 32
1414 011656  1402          XIRET
1415 011657  1037  CH,     TAD     L37     /WAS THIS AN E-CONVERSION NUMBER
1416 011660  2101          ISZ     ESIGN   /EXPONENT POSITIVE?
1417 011661  7041          CIA             /YES
1418 011662  1100          TAD     COUNT2  /ADD POST-DECIMAL COUNTER
1419 011663  7100          CLL
1420 011664  7450          SNA
1421 011665  5301          JMP     CM      /NOTHING TO DO
1422 011666  7500          SMA             /DETERMINE WHETHER TO
1423 011667  7061          CML CIA         /MULTIPLY OR DIVIDE
1424 011670  3100          DCA     COUNT2
1425 011671  7004          RAL
1426 011672  1303          TAD     CJ
1427 011673  3275          DCA     CK
1428 011674  4306          JMS     XFLOAT  /SET UP THE NUMBER
1429 011675  7402  CK,     HLT             /JMP I (MULT OR JMP I (DIVIDE
1430 011676  2100          ISZ     COUNT2
1431 011677  5275          JMP     CK      /LOOP ON COUNT
1432 011700  5742          JMP I   LPOLIS  /FINISH UP
1433               
1434 011701  4306  CM,     JMS     XFLOAT
1435 011702  5742          JMP I   LPOLIS
1436 011703  4704  CJ,     JMS I   .+1
1437 011704  2056          MULT
1438 011705  2073          DIVIDE
1439               
1440               / THIS ROUTINE CONVERTS THE NUMBER TO FLOATING POINT
1441 011706  0000  XFLOAT, 0
1442 011707  7300          CLA CLL
1443 011710  1032          TAD     L32     /CHECK IF THE ACCUMULATED NUMBER IS ZERO
1444 011711  7450          SNA
1445 011712  1031          TAD     L31
1446 011713  7450          SNA
1447 011714  1030          TAD     L30
1448 011715  7650          SNA CLA
1449 011716  5743          JMP I   LFRET   /IT WAS ZERO SEND A FLOATING POINT ZERO BACK--
1450 011717  1344          TAD     C2440   /IT IS NOT ZERO--SET THE EXPON TO 36 BASE 10
1451 011720  3037          DCA     L37
1452 011721  4323          JMS     NORMAL  /GO TO THE NORMALIZE ROUTINE
1453 011722  5706          JMP I   XFLOAT  /AT THIS POINT THE MANTISA AND EXPON ARE SEPERA
1454               /       ALSO NOTICE THAT WE HAVE 36 BINARY DIGITS I E THE WHOLE 3 WORDS ARE U
1455               /       NORMAL IZATION OF A F P NUMBER
1456 011723  0000  NORMAL, 0
1457 011724  1030  DA,     TAD     L30     /WE MUST SHIFT UNTIL THE HIGH ORDER WORD GOES N
1458 011725  7710          SPA CLA
1459 011726  5723          JMP I   NORMAL  /IT IS NEG.,    ALL DONE
1460 011727  4745          JMS I   LLSHIF  /GO DO A TRIPLE PRECISION LEFT SHIFT
1461 011730  1037          TAD     L37     /AND SUBTRACT ONE FROM THE EXPONENT
1462 011731  1341          TAD     C7770   /NOTE-- THE 3 LOW ORDER BITS ARE NOT USED
1463 011732  7510          SPA             /IF THIS DOESNT SKIP WE HAVE F P OVERFLOW
1464 011733  5254          JMP     ERR12   /BY-BY  NUMBER TOO LARGE FOR THE MACHINE
1465 011734  3037          DCA     L37
1466 011735  5324          JMP     DA
1467               / THE FOLLOWING ROUTINE SAVES THE ACC IN THE MQ
1468 011736  7773  C7773,  7773
1469 011737  7725  X7725,  7725
1470 011740  0017  X17,    17
1471 011741  7770  C7770,  7770
1472 011742  2134  LPOLIS, POLISH
1473 011743  1401  LFRET,  FRET
1474 011744  2440  C2440,  2440
1475 011745  2010  LLSHIF, LSHIFT
1476               
1477 011746  6211  SCODE,  CDF 10          /SHIFT S-CODE 2 COLS. LEFT
1478 011747  1777          TAD I   (TEM1
1479 011750  6201          CDF 0
1480 011751  3367          DCA     SLOC1
1481 011752  1367          TAD     SLOC1
1482 011753  7001          IAC
1483 011754  3370          DCA     SLOC2
1484 011755  2061          ISZ     L61     /SET COMMENT FLAG
1485 011756  1770  SCODL,  TAD I   SLOC2
1486 011757  3767          DCA I   SLOC1
1487 011760  1770          TAD I   SLOC2
1488 011761  0155          AND     C77
1489 011762  7650          SNA CLA         /END OF LINE?
1490 011763  5776          JMP I   (STORSL+2
1491 011764  2367          ISZ     SLOC1
1492 011765  2370          ISZ     SLOC2
1493 011766  5356          JMP     SCODL   /AND CONTINUE PROCESS
1494               
1495 011767  0000  SLOC1,  0
1496 011770  0000  SLOC2,  0
1497 011776  0477         *2000
     011777  0556  
1498 012000  0000  XSAVE,  0               /-- THE F.P. AC IS IN LOCS 30-32
1499 012001  1030          TAD     L30     /-- THE "MQ" IS IN LOCS 33-35
1500 012002  3033          DCA     L33     /---THE EXPONENT IS IN LOCS 37
1501 012003  1031          TAD     L31
1502 012004  3034          DCA     L34
1503 012005  1032          TAD     L32
1504 012006  3035          DCA     L35
1505 012007  5600          JMP I   XSAVE
1506               / SHIFTS THE PSEUDO-ACC LEFT ONE PLACE
1507 012010  0000  LSHIFT, 0
1508 012011  7300          CLA CLL
1509 012012  1032          TAD     L32
1510 012013  7004          RAL
1511 012014  3032          DCA     L32
1512 012015  1031          TAD     L31
1513 012016  7004          RAL
1514 012017  3031          DCA     L31
1515 012020  1030          TAD     L30
1516 012021  7004          RAL
1517 012022  3030          DCA     L30
1518 012023  5610          JMP I   LSHIFT
1519               / THE FOLLOWING ROUTINE ADDS THE MQ TO THE ACC
1520 012024  0000  ADD,    0
1521 012025  7300          CLA CLL
1522 012026  1032          TAD     L32
1523 012027  1035          TAD     L35
1524 012030  3032          DCA     L32
1525 012031  7004          RAL
1526 012032  1031          TAD     L31
1527 012033  1034          TAD     L34
1528 012034  3031          DCA     L31
1529 012035  7004          RAL
1530 012036  1030          TAD     L30
1531 012037  1033          TAD     L33
1532 012040  3030          DCA     L30
1533 012041  5624          JMP I   ADD
1534               / THE FOLLOWING ROUTINE SHIFTS THE ACC RIGHT ONE PLACE
1535 012042  0000  RSHIFT, 0
1536 012043  7300          CLA CLL
1537 012044  1030          TAD     L30
1538 012045  7010          RAR
1539 012046  3030          DCA     L30
1540 012047  1031          TAD     L31
1541 012050  7010          RAR
1542 012051  3031          DCA     L31
1543 012052  1032          TAD     L32
1544 012053  7010          RAR
1545 012054  3032          DCA     L32
1546 012055  5642          JMP I   RSHIFT
1547               /
1548               /
1549 012056  0000  MULT,   0               /ACCCACC*10 MQ
1550 012057  4242          JMS     RSHIFT
1551 012060  4200          JMS     XSAVE
1552 012061  4242          JMS     RSHIFT
1553 012062  4242          JMS     RSHIFT
1554 012063  4224          JMS     ADD     /THIS FINISHES THE MULT BY 10
1555 012064  1037          TAD     L37     /NOW DIDDLE THE EXPONENT
1556 012065  1153          TAD     C40
1557 012066  7510          SPA             /OVERFLOW TEST
1558 012067  4523  ERR14,  JMS I   LUNCH   /FLOATING POINT OVERFLOW
1559 012070  3037          DCA     L37
1560 012071  4765          JMS I   LNRMAL  /MAKE SURE THE F P NUMBER IS STILL IN NORMAL FO
1561 012072  5656          JMP I   MULT
1562 012073  0000  DIVIDE, 0               /DIVIDE THE F P NUMBER BY 10
1563 012074  4242          JMS     RSHIFT  /BASED ON THE FACT THAT .1 BASE 10 C .000110011
1564 012075  4200          JMS     XSAVE   /THAT IS WE MULTIPLE BY ONE TENTH
1565 012076  1366          TAD     C7766   /THIS IS A COUNTER**********************
1566 012077  3317          DCA     ZCTR
1567 012100  4242  DB,     JMS     RSHIFT
1568 012101  4224          JMS     ADD
1569 012102  2317          ISZ     ZCTR
1570 012103  7410          SKP
1571 012104  5312          JMP     DC
1572 012105  4242          JMS     RSHIFT
1573 012106  4242          JMS     RSHIFT
1574 012107  4242          JMS     RSHIFT
1575 012110  4224          JMS     ADD
1576 012111  5300          JMP     DB
1577 012112  1037  DC,     TAD     L37
1578 012113  1367          TAD     C7750   /********INSERT HERE THE CONSTANT************
1579 012114  3037          DCA     L37     /WE HAVE JUST DIDDLED THE EXPONENT BY THE PROP 
1580 012115  4765          JMS I   LNRMAL  /MAKE SURE IT IS STILL NORMALIZ D
1581 012116  5673          JMP I   DIVIDE
1582 012117  0000  ZCTR,   0
1583 012120  0000  MUL10,  0               /THIS MULTIPLIES THE TRIPLE PREC. INTEGER INT E
1584 012121  4210          JMS     LSHIFT  /BY 10
1585 012122  4200          JMS     XSAVE
1586 012123  4210          JMS     LSHIFT
1587 012124  4210          JMS     LSHIFT
1588 012125  4224          JMS     ADD
1589 012126  1036          TAD     L36     /NOW CRAM THE DIGIT THAT WE WANT TO ADD INTO TH
1590 012127  3035          DCA     L35     /*
1591 012130  3034          DCA     L34
1592 012131  3033          DCA     L33
1593 012132  4224          JMS     ADD     /AND ADD IT TO THE ACC
1594 012133  5720          JMP I   MUL10   /IN OTHER WORDS ACCCACC*10 DIGIT
1595 012134  7300  POLISH, CLA CLL         /THIS TAKES THE SEPARATE MANTISSA AND EXP--ENT.
1596 012135  1370          TAD     C400    /AND PUTS THEM INTO 7090 FORM.  THIS IS THE R-U
1597 012136  3035          DCA     L35     /27 DIGITS
1598 012137  3034          DCA     L34     /ROUND FACTOR IS CRAMED INTO THE MQ
1599 012140  3033          DCA     L33
1600 012141  4224          JMS     ADD     /AND ADDED TO THE INTEGER IN THE ACC
1601 012142  7420          SNL             /IF THE LINK IS ON, WE OVERFLEW ON THE CARRY
1602 012143  5353          JMP     POLSH   /WE DIDNT
1603 012144  1174          TAD     C4000   /SET THE ACC TO .1000000000     (THE REST OF IT IS
1604 012145  3030          DCA     L30
1605 012146  1037          TAD     L37     /DIDDLE THE EXPONENT BY ONE. THIS IS A FINKIE N
1606 012147  1371          TAD     J10
1607 012150  7450          SNA
1608 012151  5267          JMP     ERR14   /EXPONENT OVERFLOW ...
1609 012152  3037          DCA     L37
1610 012153  1372  POLSH,  TAD     C7767   /NOW SHIFT THE ENTIRE ACC RIGHT 9 TIMES
1611 012154  3317          DCA     ZCTR    /( THATS SO WE WILL HAVE ROOM TO STICK IN THE E
1612 012155  4242  HOOP,   JMS     RSHIFT
1613 012156  2317          ISZ     ZCTR
1614 012157  5355          JMP     HOOP
1615 012160  1037          TAD     L37     /CRAM THE EXP
1616 012161  1030          TAD     L30     /INTO THE ACC
1617 012162  3030          DCA     L30     /AND VOILA, WE ARE DONE. GO TAKE THE FPOINT EX
1618 012163  5764          JMP I   .+1
1619 012164  1401          FRET
1620 012165  1723  LNRMAL, NORMAL
1621 012166  7766  C7766,  7766
1622 012167  7750  C7750,  7750
1623 012170  0400  C400,   400
1624 012171  0010  J10,    10
1625 012172  7767  C7767,  7767
1626                      *2200
1627               /       THE FOLLOWING ROUTINE LOOKS FOR A STATEMENT NUMBER
1628 012200  0000  LSTMT,  0
1629 012201  4641          JMS I   CLEAR   /CLEAR THE PSEUDO ACC AND MQ
1630 012202  1174          TAD     C4000   /DON'T LET LGTC GET ANOTHER LINE YET
1631 012203  3111          DCA     CHK
1632 012204  7001          IAC
1633 012205  3113          DCA     KOUNT
1634 012206  4642  LABEL,  JMS I   GTCL    /GET A CHARACTER
1635 012207  7450          SNA             /IS THIS A CAR RET?
1636 012210  4523  ERR15,  JMS I   LUNCH   /YES, INCOMPLETE STATEMENT
1637 012211  1156          TAD     CM40
1638 012212  7450          SNA             /SPACE?
1639 012213  5223          JMP     SPACE
1640 012214  1244          TAD     CM32
1641 012215  7100          CLL
1642 012216  1246          TAD     C12
1643 012217  7420          SNL             / 260 <= CHAR < 272 ?
1644 012220  4523  ERR16,  JMS I   LUNCH
1645 012221  3036          DCA     L36     /SAVE THIS DIGIT...
1646 012222  4643          JMS I   MULT10  / ACC = 10 * ACC + L36
1647 012223  1113  SPACE,  TAD     KOUNT
1648 012224  1245          TAD     DM6
1649 012225  7710          SPA CLA         /END OF STMT NR FIELD?
1650 012226  5206          JMP     LABEL   /NOT YET...
1651 012227  4642          JMS I   GTCL    /SKIP OVER COL 6
1652 012230  7650          SNA CLA         /IS IT A CAR RET?
1653 012231  5210          JMP     ERR15
1654 012232  1031          TAD     L31     /SEE IF STMT NR IS LEGAL...
1655 012233  7440          SZA
1656 012234  5220          JMP     ERR16
1657 012235  1032          TAD     L32
1658 012236  7710          SPA CLA         /IS STMT NR < 2048 ?
1659 012237  5220          JMP     ERR16   /NO, STMT NR TOO BIG
1660 012240  5600          JMP I   LSTMT
1661 012241  5567  CLEAR,  LCLEAR
1662 012242  0730  GTCL,   LGTC
1663 012243  2120  MULT10, MUL10
1664 012244  7746  CM32,   -32
1665 012245  7772  DM6,    -6
1666 012246  0012  C12,    12
1667               /
1668               /       SUBROUTINEE TO PRINT A SYMBOL
1669               /
1670               /       JMS I   PRSYM
1671               /
1672 012247  0000  LPRSYM, 0               /THIS ROUTINE PRINTS SYMBOLS
1673 012250  3366          DCA     LCH
1674 012251  1366          TAD     LCH
1675 012252  7500          SMA             /IS IT AN INTEGER CONSTANT
1676 012253  5325          JMP     ICON    /YES PROCESS IT
1677 012254  7006          RTL             /SHIFT THE NEXT BIT INTO THE LINK
1678 012255  7420          SNL             /IS IT A TEMPORARY
1679 012256  5333          JMP     TEMPO   /ITS A TEMPORARY
1680 012257  7012          RTR             /RESTORE THE SYMBOL
1681 012260  7041          CIA             /SET IT NEGATIVE
1682 012261  1047          TAD     L47     /SUBTRACT THE BEGINNING OF THE XFCON TABLE
1683 012262  7710          SPA CLA         /DO WE HAVE AN FCON
1684 012263  5353          JMP     XFCON   /YES PROCESS IT
1685 012264  1366          TAD     LCH
1686 012265  1151          TAD     C2      /ADD TWO TO THE SYMBOL TABLE POINTER
1687 012266  3307          DCA     LP2     /AND SAVE IT
1688 012267  1707          TAD I   LP2     /GET THE CONTROL BITS FOR THE SYMBOL
1689 012270  7010          RAR             /GET EXTERNAL SUBROUTINE BIT IN LINK
1690 012271  7630          SZL CLA         /IS THIS AN EXTERNAL SUBROUTINE
1691 012272  5275          JMP     SKPIT   /YES...DONT PUT OUT THE BACK SLASH
1692 012273  1364          TAD     C34
1693 012274  4520          JMS I   PRINT
1694 012275  1766  SKPIT,  TAD I   LCH
1695 012276  4307          JMS     LP2     /PRINT THEM
1696 012277  2366          ISZ     LCH
1697 012300  1766          TAD I   LCH
1698 012301  4307          JMS     LP2     /AND PRINT THEM
1699 012302  2366          ISZ     LCH
1700 012303  1766          TAD I   LCH
1701 012304  0365          AND     X7700   /MASK SO WE DONT PUT OUT CONTROL BITS
1702 012305  4307          JMS     LP2     /AND PRINT IT
1703 012306  5647          JMP I   LPRSYM  /NOW RETURN
1704 012307  0000  LP2,    0               /THIS IS THE ROUTINE THAT PRINTS TWO CHARACTERS
1705 012310  3367          DCA     UNCH    /SAVE THE CHARS
1706 012311  1367          TAD     UNCH    /GET THEM AGAIN
1707 012312  7012          RTR             /ROTAT FIRST CHAR INTO POSITION
1708 012313  7012          RTR
1709 012314  7012          RTR
1710 012315  0155          AND     C77     /MASK SECOND CHARACTER
1711 012316  7440          SZA             /IS IT AN ACTUAL CHARACTER
1712 012317  4520          JMS I   PRINT   /YES PRINT IT
1713 012320  1367          TAD     UNCH    /GET THE TWO CHARS AGAIN
1714 012321  0155          AND     C77     /MASK OUT FIRST CHARACTER
1715 012322  7440          SZA             /IS IT ACTUALLY A CHARACTER
1716 012323  4520          JMS I   PRINT   /YES PRINT IT
1717 012324  5707          JMP I   LP2     /AND RETURN
1718 012325  7200  ICON,   CLA             /INTEGER CONSTANT, PUNCH A '('
1719 012326  1363          TAD     K50
1720 012327  4520          JMS I   PRINT
1721 012330  1366          TAD     LCH     /AND THE NUMBER
1722 012331  4534  PROCT,  JMS I   PROTAC
1723 012332  5647          JMP I   LPRSYM  /RETURN
1724 012333  7006  TEMPO,  RTL
1725 012334  7710          SPA CLA         /SUBSCRIPT TEMPORARY?
1726 012335  5346          JMP     SBSCR
1727 012336  7006          RTL
1728 012337  1361          TAD     D33     /PUNCH '[' FOR INTEGER AND ']' FOR FLOATING PT
1729 012340  4520          JMS I   PRINT   /AND PRINT IT
1730 012341  1366          TAD     LCH
1731 012342  7510          SPA             /DO WE STILL HAVE A TEMPORARY
1732 012343  4771          JMS I   TEMPOR  /YES GET THE TEMPORARY NUMBER
1733 012344  4520          JMS I   PRINT   /AND PRINT IT
1734 012345  5647          JMP I   LPRSYM  /RETURN
1735 012346  1361  SBSCR,  TAD     D33     /SUBSCRIPT TEMPORARY, PUNCH A '['
1736 012347  4520          JMS I   PRINT
1737 012350  1366          TAD     LCH
1738 012351  4770          JMS I   SUBTEM  /AND 4 DIGITS
1739 012352  5331          JMP     PROCT
1740 012353  1362  XFCON,  TAD     C35     /FLOATING POINT CONSTANT...
1741 012354  4520          JMS I   PRINT   /PUNCH A ']'
1742 012355  1366          TAD     LCH
1743 012356  7041          CIA
1744 012357  1050          TAD     L50     /SUBTRACT FROM END OF TABLE
1745 012360  5331          JMP     PROCT
1746 012361  0033  D33,    33
1747 012362  0035  C35,    35
1748 012363  0050  K50,    50
1749 012364  0034  C34,    34
1750 012365  7700  X7700,  7700
1751 012366  0000  LCH,    0
1752 012367  0000  UNCH,   0
1753 012370  6471  SUBTEM, LSBTEM
1754 012371  4423  TEMPOR, LTMPOR
1755                      *2400
1756               /
1757               /       SUBROUNTINE TO DO SYMBOL TABLE MANIPULATIONS
1758               /
1759 012400  0300  C300,   300
1760 012401  0212  C212,   212
1761 012402  0215  C215,   215
1762 012403  0000  SCOUNT, 0               /CURRENT NUMBER OF SYMBOLS
1763 012404  0000  XCTR,   0               /COUNTER
1764 012405  0000  FCOUNT, 0               /CURRENT NUMBER OF FCONS
1765 012406  0000  LSYMTB, 0
1766 012407  7200          CLA             /CLEAR THE AC
1767 012410  1056  LOOP1,  TAD     L56     /GET BEGINNING OF SYMBOL TABLE
1768 012411  3351          DCA     LSYMTM  /AND SAVE IN TABLE
1769 012412  1203          TAD     SCOUNT  /GET NUMBER OF SYMBOLS CURRENTLY
1770 012413  7040          CMA
1771 012414  3204          DCA     XCTR    /USE AS A COUNTER
1772 012415  1334          TAD     C7700   /GIVE SEARCH A MASK TO USE ON LAST SYMBOL
1773 012416  4265          JMS     SEARCH  /LOOK FOR OCCURRENCE OF SYMBOL IN TABLE
1774 012417  5227          JMP     ZCHECK  /SYMBOL IS IN TABLE CHECK IT
1775 012420  1057          TAD     L57     /TELL ENTER WHERE TO PUT THE SYMBOL
1776 012421  4327          JMS     ENTER   /ENTER THE SYMBOL
1777 012422  1152          TAD     C3      /UPDATE THE POINTER
1778 012423  3057          DCA     L57     /AND SAVE IT
1779 012424  3021          DCA     L21     /ZERO SWITCH SINCE SYMBOL JUST LOADED
1780 012425  2203          ISZ     SCOUNT  /UPDATE COUNT OF SYMBOLS
1781 012426  5210          JMP     LOOP1   /GO BACK AND CHECK IT
1782 012427  1077  ZCHECK, TAD     L77     /GET POINTER INTO SYMBOL TABLE
1783 012430  1151          TAD     C2      /MOVE TO LAST WORD
1784 012431  3351          DCA     LSYMTM  /SAVE IT
1785 012432  1751          TAD I   LSYMTM  /GET THE CONTROL BITS
1786 012433  0021          AND     L21     /AND THE MASK
1787 012434  7640          SZA CLA         /ARE ANY ILLEGAL BITS ON
1788 012435  4523  ERR54,  JMS I   LUNCH   /ERROR 54 ... PROBABLY IN EQUIVALENCING ...
1789 012436  1032          TAD     L32     /NOW OR IN NEW BITS
1790 012437  7040          CMA
1791 012440  0751          AND I   LSYMTM
1792 012441  1032          TAD     L32
1793 012442  3751          DCA I   LSYMTM
1794 012443  5606          JMP I   LSYMTB  /RETURN
1795               /       FLOATING CONSTANT IS IN 30 THRU 32
1796 012444  0000  LFCON,  0
1797 012445  7200          CLA
1798 012446  1047  MLOOP,  TAD     L47     /GET BEGINNING OF FCON TABLE
1799 012447  1152          TAD     C3      /MOVE TO ACTUAL START OF TABLE
1800 012450  3351          DCA     LSYMTM  /AND SAVE
1801 012451  1205          TAD     FCOUNT  /GET NUMBER OF FCONS SO FAR
1802 012452  7040          CMA
1803 012453  3204          DCA     XCTR    /AND USE FOR A COUNTER
1804 012454  7040          CMA             /GIVE SEARCH A MASK FOR THE LAST WORD
1805 012455  4265          JMS     SEARCH  /SEARCH THE TABLE FOR THE CURRENT FCON
1806 012456  5644          JMP I   LFCON   /ITS ALREADY IN THERE JUST RETURN
1807 012457  1047          TAD     L47     /TELL ENTER WHERE TO PUT THE FCON
1808 012460  4327          JMS     ENTER   /ENTER THE FCON
1809 012461  1164          TAD     CM3     /AND UPDATE IT
1810 012462  3047          DCA     L47     /AND SAVE
1811 012463  2205          ISZ     FCOUNT  /UPDATE NUMBER OF FCONS
1812 012464  5246          JMP     MLOOP   /GO BACK AND CHECK
1813               /       THIS IS THE ROUTINE THAT SEARCHES THE TABLES FOR
1814               /       OCCURRENCES OF THE CURRENT SYMBOL OR FCON
1815 012465  0000  SEARCH, 0
1816 012466  3327          DCA     ENTER   /SAVE THE MASK
1817 012467  2204  MBACK,  ISZ     XCTR    /SEE IF WE HAVE PROCESSED ALL SYMBOLS
1818 012470  7410          SKP             /NO GO ON
1819 012471  5322          JMP     QRET    /YES
1820 012472  1751          TAD I   LSYMTM  /GET FIRST WORD OF SYMBOL
1821 012473  7041          CIA             /NEGATE
1822 012474  1030          TAD     L30     /SUBTRACT FIRST WORD OF CURRENT SYMBOL
1823 012475  2351          ISZ     LSYMTM  /INCREMENT POINTER
1824 012476  7640          SZA CLA         /DO THEY MATCH
1825 012477  5324          JMP     I1      /NO GO TO NEXT SYMBOL
1826 012500  1751          TAD I   LSYMTM  /YES GET SECOND WORD OF SYMBOL
1827 012501  7041          CIA
1828 012502  1031          TAD     L31     /SUBTRACT SECOND WORD OF CURRENT SYMBOL
1829 012503  2351          ISZ     LSYMTM  /ADVANCE POINTER
1830 012504  7640          SZA CLA         /DO THEY MATCH
1831 012505  5325          JMP     I2      /NO GO TO NEXT SYMBOL
1832 012506  1751          TAD I   LSYMTM  /SEE IF NEXT WORD MATCHES
1833 012507  0327          AND     ENTER   /MASK OUT DESIRED PORTIONS
1834 012510  7041          CIA
1835 012511  1032          TAD     L32     /SUBTRACT THIRD CURRENT WORD
1836 012512  0327          AND     ENTER   /K AGAIN
1837 012513  2351          ISZ     LSYMTM  /ADVANCE POINTER
1838 012514  7640          SZA CLA         /DO THEY MATCH
1839 012515  5267          JMP     MBACK   /NO GO TO NEXT SYMBOL
1840 012516  1351          TAD     LSYMTM  /YES
1841 012517  1164          TAD     CM3     /MOVE BACK POINTYER
1842 012520  3077          DCA     L77     /PUT POINTER IN PAGE ZERO
1843 012521  5665          JMP I   SEARCH  /RETURN
1844 012522  2265  QRET,   ISZ     SEARCH  /SET UP RETURN FOR      NOT FOUND
1845 012523  5665          JMP I   SEARCH  /RETURN
1846 012524  2351  I1,     ISZ     LSYMTM  /ADVANCE POINTER
1847 012525  2351  I2,     ISZ     LSYMTM  /ADVANCE PIINTER
1848 012526  5267          JMP     MBACK   /GO TO NEXT SYMBOL
1849               /       THIS ROUTINE ENTERS THE CURRENT SYMBOL INTO THE TABLE SPECIFIED
1850 012527  0000  ENTER,  0
1851 012530  3351          DCA     LSYMTM  /SAVE ADDRESS
1852 012531  1047          TAD     L47     /GET BEGINNING OF FCON TABLE
1853 012532  7040          CMA
1854 012533  1057          TAD     L57     /SUBTRACT END OF SYMBOL TABLE
1855 012534  7700  C7700,  SMA CLA         /IS THERE ROOM FOR ANOTHER SYMBOL OR FCON
1856 012535  4523  ERR17,  JMS I   LUNCH   /NO
1857 012536  1030          TAD     L30     /YES GEYT FIRST WORD
1858 012537  3751          DCA I   LSYMTM  /STORE IT
1859 012540  1351          TAD     LSYMTM
1860 012541  3011          DCA     L11     /SET UP AUTO - XR
1861 012542  1031          TAD     L31
1862 012543  3411          DCA I   L11
1863 012544  1032          TAD     L32
1864 012545  3411          DCA I   L11
1865 012546  1351          TAD     LSYMTM  /GET THE ADDRESS BACK INTO THE AC
1866 012547  5727          JMP I   ENTER   /AND RETURN
1867 012550  1554  DUMPLN, DMPLIN
1868               LSYMTM=.
1869 012551  0000  LPRINT, 0               / CONVERTS FROM TRIMMED TO EIGHT BIT ASCII
1870 012552  3244          DCA     LFCON   /SAVE THE CHARACTER
1871 012553  1075          TAD     L75     /S GET THE SUPPRESS PRINTING WITCH
1872 012554  7640          SZA CLA
1873 012555  5751          JMP I   LPRINT
1874 012556  2024          ISZ     L24     /IS THIS A NEW LINE?
1875 012557  7410          SKP             /NO
1876 012560  4750          JMS I   DUMPLN  /YES - DUMP THE OLD ONE FIRST
1877 012561  1244          TAD     LFCON   /NO...GET THE CHARACTER
1878 012562  7450          SNA             /IS IT A CR
1879 012563  5373          JMP     CRLF    /YES...PUT OUT CRLF
1880 012564  0153          AND     C40     /CHECK BIT SIX
1881 012565  7104          CLL RAL
1882 012566  7041          CIA             /AC CONTAINS 0 OR -100
1883 012567  1200          TAD     C300    /NOW CONTAINS 300 OR 200
1884 012570  1244          TAD     LFCON   /NOW ADD THE CHARACTER IN
1885 012571  3424  PRIT,   DCA I   L24     /AND STORE IT IN THE BUFFER
1886 012572  5751          JMP I   LPRINT
1887 012573  1202  CRLF,   TAD     C215    /GET AN EIGHT BIT CR
1888 012574  3424          DCA I   L24     /STORE IT IN THE BUFFER
1889 012575  2024          ISZ     L24
1890 012576  1201          TAD     C212
1891 012577  3424          DCA I   L24     /STORE A LINE FEED TOO
1892 012600  7240          CLA CMA
1893 012601  3024          DCA     L24     /SET SWITCH TO DUMP LINE ON NEXT CHAR
1894 012602  5603          JMP I   .+1
1895 012603  2572          PRIT+1
1896 012604  7200  LCOMON, CLA
1897 012605  4525          JMS I   LOOK    /CHECK REST OF STATEMENT NAME
1898 012606  7776                  -2      /TWO CHARACTERS
1899 012607  7761                  -17     /O
1900 012610  7762                  -16     /N
1901 012611  4527  GETVAR, JMS I   ENTITY  /GET A VARIABLE
1902 012612  7410          SKP             /NOT A VARIZBLE
1903 012613  5217          JMP     VARI    /WE GOT A VARIABLE
1904 012614  7000          NOP
1905 012615  0020  B20,    20
1906 012616  4523  ERR18,  JMS I   LUNCH   /ERROR
1907 012617  1153  VARI,   TAD     C40
1908 012620  1032          TAD     L32     /PUT IN COMMON BIT
1909 012621  3032          DCA     L32
1910 012622  1227          TAD     K37     /GET MASK FOR SYMBOL TABLE SWITCH
1911 012623  3021          DCA     L21     /PUT IN THE SWITCH
1912 012624  4530          JMS I   SYMTAB  /PUT SYMBOL IN TABLE
1913 012625  4527          JMS I   ENTITY  /LOOK FOR A COMMA
1914 012626  5177          JMP     START   /THAT'S ALL GOT A CR-LF...
1915 012627  0037  K37,    37
1916 012630  0027  K27,    27
1917 012631  5234          JMP     .+3     /ERROR
1918 012632  1162          TAD     CM54    /CHECK FOR COMMA
1919 012633  7640          SZA CLA         /IS IT A COMMA
1920 012634  5216          JMP     ERR18   /NO...ERROR
1921 012635  5211          JMP     GETVAR  /GET ANOTHER VARIABLE
1922 012636  4525  LDIMEN, JMS I   LOOK    /LOOK FOR REST OF STATEMENT
1923 012637  7773                  -5      /FIVE CHARS
1924 012640  7762                  -16     /N
1925 012641  7755                  -23     /S
1926 012642  7767                  -11     /I
1927 012643  7761                  -17     /O
1928 012644  7762                  -16     /N
1929 012645  7240  QAGAIN, CLA CMA         /-U
1930 012646  3365          DCA     REDY    /SET SWITH FOR VARIABLE
1931 012647  4527  QGET,   JMS I   ENTITY  /GET WHATEVER IS NEXT IN LINE
1932 012650  5357          JMP     QDONE   /IT EAS A CR
1933 012651  5255          JMP     .+4     /IT WAS A VARIABLE
1934 012652  5312          JMP     ASUBSC  /IT WAS ONE OF THE SUBSCRIPTS
1935 012653  5216          JMP     ERR18   /WE BETTER NOT GET ANY FP NUMBERS
1936 012654  5275          JMP     QPUNC   /IT WAS A PUNCTION
1937 012655  2365          ISZ     REDY
1938 012656  5216          JMP     ERR18   /WE WERENT READY FOR A VAR
1939 012657  1215          TAD     B20
1940 012660  1032          TAD     L32
1941 012661  3032          DCA     L32
1942 012662  1230          TAD     K27     /GET THE MASK FOR THE SYMBOL TABLE
1943 012663  3021          DCA     L21     /PUT IN THE SWITCH
1944 012664  4530          JMS I   SYMTAB  /PUT SYMBOL IN TABLE
1945 012665  7240          CMA CLA
1946 012666  1047          TAD     L47     /GET BEGINNING OF TABLE
1947 012667  3016          DCA     L16
1948 012670  1077          TAD     L77     /GET TABLE ADDRESS
1949 012671  3416          DCA I   L16
1950 012672  7240          CLA CMA
1951 012673  3366          DCA     V       /SET WITCH TO SAY WEVE GOTTEN A VAR
1952 012674  5247          JMP     QGET    /GET NEXT THING
1953 012675  1162  QPUNC,  TAD     CM54
1954 012676  7450          SNA             /IS IT A COMMA
1955 012677  5321          JMP     COMMA   /YES
1956 012700  1152          TAD     C3
1957 012701  7450          SNA
1958 012702  5335          JMP     QRPAR   /RIGHT PAREN
1959 012703  7001          IAC
1960 012704  7450          SNA             /IS IT A LEFT PAREN
1961 012705  2366          ISZ     V       /PRECEDED BY A VAR
1962 012706  5216          JMP     ERR18   /NO - ERROR
1963 012707  7240          CLA CMA
1964 012710  3367          DCA     XLP     /SET SWITCH TO SHOW LPAR
1965 012711  5247          JMP     QGET
1966 012712  2367  ASUBSC, ISZ     XLP     /DID WE JUST GET LPAR
1967 012713  5326          JMP     SECOND  /NO...BETTER BE SECOND SUBSC
1968 012714  1032          TAD     L32     /GET INTEGER
1969 012715  3416          DCA I   L16     /PUT IN DIMTAB
1970 012716  7240          CMA CLA
1971 012717  3362          DCA     QONE    /SET SWITCH TO SHOW WE HAVE ONE SUBSC
1972 012720  5247          JMP     QGET
1973 012721  2362  COMMA,  ISZ     QONE    /DOES THIS COMMA SEPARATE SUBSCS
1974 012722  5354          JMP     RIGHT   /NO...LAST CHAR BETTER HAVE BEEN L      RPAR
1975 012723  7240          CMA CLA
1976 012724  3370          DCA     SEC     /SET SWITCH TO EXPECT SECOND SUBSCRIPT
1977 012725  5247          JMP     QGET
1978 012726  2370  SECOND, ISZ     SEC     /IS THIS SECOND SUBSCRIPT
1979 012727  5216          JMP     ERR18   /NO...ERROR
1980 012730  1032          TAD     32      /GET INTEGER
1981 012731  3416          DCA I   L16
1982 012732  7240          CMA CLA
1983 012733  3364          DCA     R       /SET SWITCH FOR RPAR
1984 012734  5247          JMP     QGET
1985 012735  2362  QRPAR,  ISZ     QONE    /HAVE WE GOTTEN ONE SUBSC
1986 012736  5351          JMP     QTWO    /NO...CHECK FOR TWO
1987 012737  7001          IAC             /ONLY ONE SO USE 1 AS SECOND
1988 012740  3416          DCA I   L16
1989 012741  7240  QBACK,  CMA CLA
1990 012742  3363          DCA     RIG
1991 012743  1047          TAD     L47     /GET BEGINNING OF TABLE
1992 012744  3050          DCA     L50     /SAVE IN LOW CORE
1993 012745  1047          TAD     L47
1994 012746  1164          TAD     CM3     /SUBTRACT THREE FROM ADDRESS
1995 012747  3047          DCA     L47     /AND SAVE
1996 012750  5247          JMP     QGET    /WE EXPECT COMMA OR CR
1997 012751  2364  QTWO,   ISZ     R       /HAVE WE GOTTEN TWO
1998 012752  5216          JMP     ERR18   /NO...ERROR
1999 012753  5341          JMP     QBACK
2000 012754  2363  RIGHT,  ISZ     RIG     /DID WE JUST GET RPAR
2001 012755  5216          JMP     ERR18   /NO...ERROR
2002 012756  5245          JMP     QAGAIN
2003 012757  2363  QDONE,  ISZ     RIG
2004 012760  5216          JMP     ERR18
2005 012761  5177          JMP     START
2006 012762  0000  QONE,   0
2007 012763  0000  RIG,    0
2008 012764  0000  R,      0
2009 012765  0000  REDY,   0
2010 012766  0000  V,      0
2011 012767  0000  XLP,    0
2012 012770  0000  SEC,    0
2013                      *3000
2014 013000  1074  LGOTO,  TAD     L74
2015 013001  3016          DCA     L16     /USE AUTO INDEXING
2016 013002  3076          DCA     L76
2017 013003  4527          JMS I   ENTITY
2018 013004  7000          NOP
2019 013005  7410          SKP
2020 013006  5330          JMP     ALAB    /WE HAVE A LABEL
2021 013007  5514          JMP I   ASSIGN  
2022 013010  1160          TAD     CM50    /IF PUNCT...CHECK FOR LEFT PAREN
2023 013011  7640          SZA CLA         /IS IT (
2024 013012  5514          JMP I ASSIGN
2025 013013  4527  ANEXT,  JMS I   ENTITY
2026 013014  7000          NOP
2027 013015  7410          SKP
2028 013016  5221          JMP     THERE   /WE HAVE A LABEL
2029 013017  7000          NOP
2030 013020  4523  ERR28,  JMS I   LUNCH
2031 013021  1032  THERE,  TAD     L32     /GET THE LABEL
2032 013022  3416          DCA I   L16     /PUT IN LIST
2033 013023  2076          ISZ     L76
2034 013024  4575          JMS I   GNB
2035 013025  1162          TAD     CM54    /CHECK FOR BEING A COMMA
2036 013026  7450          SNA             /IS IT A COMMA
2037 013027  5213          JMP     ANEXT   /YES GET ANOTHER LABEL
2038 013030  1152          TAD     C3      /CHECK FOR BEING A RIGHT PAREN
2039 013031  7640          SZA CLA         /IS IT A )
2040 013032  5514          JMP I ASSIGN
2041 013033  4575          JMS I   GNB
2042 013034  1162          TAD     CM54    /CHECK FOR ANOTHER COMMA
2043 013035  7440          SZA             /IS IT ANOTHER
2044 013036  4515          JMS I   PUTCH   /IGNORE ANYTHING ELSE ...
2045 013037  4527          JMS I   ENTITY  /GET THE CONTROL VARIABLE
2046 013040  7410          SKP
2047 013041  5245          JMP     .+4     /WE GOT IT
2048 013042  7000          NOP
2049 013043  7000          NOP
2050 013044  4523  ERR29,  JMS I   LUNCH
2051 013045  3021          DCA     L21     /ZERO THE SYMBOL TABLE SWITCH
2052 013046  4530          JMS I   SYMTAB  /PUT VARIABLE IN SYMBOL TABLE
2053 013047  1077          TAD     L77     /GET ADD RESS OF SYMBOL
2054 013050  4524          JMS I   MODE    /CHECK THE MODE OF THE VAIABLE
2055 013051  4523  ERR30,  JMS I   LUNCH   /ITS FLOATING POINT
2056 013052  4526          JMS I   ZZZ     /PUT OUT STMT LABEL
2057 013053  4334          JMS     LXTAD   /LOAD VARIABLE WITH TAD OR TAD*
2058 013054  4516          JMS I   PROP    /PUT OUT OP CODE
2059 013055  6066  Q6066,          6066    /OP CODE IS TAD
2060 013056  4533          JMS I   CREATE  /GET THE NEXT CREATED LABEL
2061 013057  4517          JMS I   PRCRL   /PRINT THE CREATED LABEL
2062 013060  4520          JMS I   PRINT   /PUT OUT CR LF
2063 013061  4516          JMS I   PROP    /PUT OUT OP CODE
2064 013062  6071                  6071    /OP CODE IS DCA
2065 013063  1356          TAD     GO7
2066 013064  4534          JMS I   PROTAC
2067 013065  4520          JMS I   PRINT   /PUT OUT CRLF
2068 013066  4516          JMS I   PROP    /PUNCH 'TAD I 7'
2069 013067  6063                  OPTADI
2070 013070  1356          TAD     GO7
2071 013071  4534          JMS I   PROTAC
2072 013072  4520          JMS I   PRINT
2073 013073  4516          JMS I   PROP    /PUNCH 'DCA 7'
2074 013074  6071                  OPDCA
2075 013075  1356          TAD     GO7
2076 013076  4534          JMS I   PROTAC
2077 013077  4520          JMS I   PRINT
2078 013100  4516          JMS I   PROP    /PUNCH 'JMP I 7'
2079 013101  6074                  OPJMPI
2080 013102  1356          TAD     GO7
2081 013103  4534          JMS I   PROTAC
2082 013104  4520          JMS I   PRINT
2083 013105  1076          TAD     L76     /PUNCH 'CPAGE <N+1>'
2084 013106  7001          IAC
2085 013107  4536          JMS I   PIFF
2086 013110  1053          TAD     L53     /PUNCH '<CR.LABEL2>, <CR.LABEL2>'
2087 013111  4542          JMS I   CLAB
2088 013112  1053          TAD     L53
2089 013113  4517          JMS I   PRCRL
2090 013114  4520          JMS I   PRINT
2091 013115  1076          TAD     L76     /NOW PUNCH THE LABELS
2092 013116  7041          CIA             /SET NEGATIVE
2093 013117  3076          DCA     L76
2094 013120  1074          TAD     L74
2095 013121  3016          DCA     L16     /USE AUTO INDEXING AGAIN
2096 013122  1416          TAD I   L16     /GET THE NEXT LABEL
2097 013123  4535          JMS I   PLAB    /PRINT THE LABEL
2098 013124  4520          JMS I   PRINT   /PUT OUT CRLF
2099 013125  2076          ISZ     L76
2100 013126  5322          JMP     .-4     /NO
2101 013127  5177          JMP     START
2102               /       THE FOLLOWING SECTION IS TO TREAT REGULAR GOTO S
2103 013130  4526  ALAB,   JMS I ZZZ
2104 013131  1032          TAD     L32
2105 013132  4357          JMS     PRJUMP  /PUT OUT A JUMP TO THE LABEL IN "L32"
2106 013133  5177          JMP     START
2107               
2108 013134  0000  LXTAD,  0
2109 013135  1077          TAD     L77     /GET ADDRESS AGAIN
2110 013136  4531          JMS I   DUMARG
2111 013137  1164          TAD     CM3
2112 013140  1255          TAD     Q6066   /TAD OR TAD*
2113 013141  3343          DCA     OP      /USE AS OPERATOR
2114 013142  4516          JMS I   PROP    /PUT OUT OP CODE
2115 013143  0000  OP,             0
2116 013144  1077          TAD     L77     /GET ADDRESS AGAIN
2117 013145  4532          JMS I   PRSYM   /PRINT THE SYMBOL
2118 013146  4520          JMS I   PRINT   /PUT OUT A CR LF
2119 013147  5734          JMP I   LXTAD
2120               
2121 013150  0000  LLEAD,  0               /PUNCH SOME LEADER...
2122 013151  3007          DCA     L7
2123 013152  4550          JMS I   PUNCH
2124 013153  2007          ISZ     L7
2125 013154  5352          JMP     .-2
2126 013155  5750          JMP I   LLEAD
2127 013156  0007  GO7,    7
2128               
2129 013157  0000  PRJUMP, 0       /SUBROUTINE TO PUT OUT A JUMP
2130 013160  3350          DCA     LLEAD   /STORE THE LABEL
2131 013161  4516          JMS I   PROP
2132 013162  6044                  6044    /JMP
2133 013163  1350          TAD     LLEAD
2134 013164  4535          JMS I   PLAB    /PUT OUT THE LABEL
2135 013165  4520          JMS I   PRINT   /PUT OUT A CRLF
2136 013166  1350          TAD     LLEAD
2137 013167  3012          DCA     L12     /SET CONTENTS OF LAST LINE TO LABEL
2138 013170  5757          JMP I   PRJUMP
2139                      *3200
2140               /       THE FOLLOWING ROUTINE PUNCHES OCTAL NUMBERS
2141               
2142 013200  0000  LPRTAC, 0
2143 013201  3232          DCA     TMP     /SAVE THE NUMBER
2144 013202  3233          DCA     TM
2145 013203  1234          TAD     CM4     /PUT OUT FOUR CHARACTERS
2146 013204  3266          DCA     DCTR    /CHARACTER COUNTER
2147 013205  1232  BK,     TAD     TMP     /GET THE NUMBER
2148 013206  7004          RAL             /ROTATE IT LEFT ONE
2149 013207  7006          RTL             /ROTATE TWO LEFT...THAT MAKES ONE OCTAL DIGIT
2150 013210  3232          DCA     TMP     /SAVE THE ROTATED NUMBER
2151 013211  1232          TAD     TMP     /GET IT IN ACCUMULATOR
2152 013212  0152          AND     C3
2153 013213  7004          RAL             /GET THE DIGIT INTO THE LOW-ORDER AC
2154 013214  2266          ISZ     DCTR    /IS THIS THE LAST DIGIT?
2155 013215  5221          JMP     .+4     /NO, CONTINUE
2156 013216  1235          TAD     C60     /MAKE IT LOOK LIKE A TRIMMED ASCII DIGIT
2157 013217  4520          JMS I   PRINT   /PRINT THE DIGIT
2158 013220  5600          JMP I   LPRTAC
2159 013221  7440          SZA             /DO WE HAVE A ZERO DIGIT?
2160 013222  5226          JMP     .+4
2161 013223  1233          TAD     TM
2162 013224  7650          SNA CLA         /YES, IS IT A LEADING ZERO?
2163 013225  5205          JMP     BK      /YES, IGNORE IT
2164 013226  1235          TAD     C60
2165 013227  4520          JMS I   PRINT
2166 013230  2233          ISZ     TM      /DON'T SUPPRESS ZEROS ANY MORE
2167 013231  5205          JMP     BK      /NOW...PUT OUT ANOTHER
2168 013232  0000  TMP,    0
2169 013233  0000  TM,     0
2170 013234  7774  CM4,    -4
2171 013235  0060  C60,    60
2172 013236  1234  LIF,    TAD     CM4
2173 013237  3343          DCA     COUNT1  /SET UP COUNTER
2174 013240  4575          JMS I   GNB
2175 013241  1160          TAD     CM50    /CHECK FOR      LEFT PAREN
2176 013242  7640          SZA CLA         /IS IT A (
2177 013243  5514          JMP I ASSIGN
2178 013244  4515          JMS I   PUTCH   /YES...PUT IT BACK FOR GENER
2179 013245  4526          JMS I ZZZ
2180 013246  2052          ISZ     L52     /SET BALANCED PARENS SWITCH FOR GENER
2181 013247  2044          ISZ     L44     /SET SWITCH FOR RIGHT SIDE OF EQUALS SIGN
2182 013250  4540          JMS I   GENER   /NOW CALL GENER AND PROCESS EXPRESSION
2183 013251  1441          TAD I   L41
2184 013252  4524          JMS I   MODE    /WHAT IS ITS MODE
2185 013253  4766          JMS I   GETHI   /GET HI ORDER P.P. AC
2186 013254  1367          TAD     CDCA41
2187 013255  3266          DCA     LIFDCA  /SET UP INSTRUCTION TO STORE LABELS
2188 013256  4527  LABL,   JMS I   ENTITY  /GET A LABEL
2189 013257  0034  D34,    34
2190 013260  7410          SKP
2191 013261  5264          JMP     INTEG   /WE GO A LABEL
2192 013262  0046  C46,    46
2193 013263  4523  ERR31,  JMS I   LUNCH   /DIDNT GET A LABEL
2194 013264  1032  INTEG,  TAD     L32     /GET THE LABEL
2195 013265  2266          ISZ     LIFDCA
2196 013266  0000  LIFDCA, .-.             /STORE LABELS IN L42 THROUGH L44
2197                       DCTR=LIFDCA
2198 013267  2343          ISZ     COUNT1  /HAVE WE GOTTEN TOO MANY LABELS
2199 013270  7410          SKP             /NO
2200 013271  5263          JMP     ERR31   /YES
2201 013272  4575          JMS I   GNB
2202 013273  7450          SNA             /SEE IF ITS A CR
2203 013274  5301          JMP     .+5     /ITS A CR
2204 013275  1162          TAD     CM54    /CHECK FOR COMMA
2205 013276  7640          SZA CLA         /IS IT A COMMA
2206 013277  5263          JMP     ERR31
2207 013300  5256          JMP     LABL    /YES
2208 013301  2343          ISZ     COUNT1  /DID WE GET THE RIGHT NUMBER OF LABELS
2209 013302  5263          JMP     ERR31   /NO
2210 013303  1042          TAD     L42
2211 013304  7041          CIA
2212 013305  1044          TAD     L44
2213 013306  7650          SNA CLA         /IF THE JUMPS FOR AC<0 AND AC>0 ARE EQUAL
2214 013307  5333          JMP     ISPECL  /WE CAN SAVE SOME CODE
2215 013310  1043          TAD     L43
2216 013311  7041          CIA
2217 013312  1044          TAD     L44
2218 013313  7650          SNA CLA         /IF THE JUMPS FOR AC=0 AND AC>0 ARE EQUAL
2219 013314  5322          JMP     SPCONL  /WE CAN ALSO SAVE SOME CODE
2220 013315  4516          JMS I   PROP    /PUT OUT OP CODE
2221 013316  6105                  6105    /OP CODE IS SNA
2222 013317  4520          JMS I   PRINT   /PUT OUT CRLF
2223 013320  1043          TAD     L43
2224 013321  4742          JMS I   PRJMP   /OUTPUT THE ZERO BRANCH
2225 013322  4516  SPCONL, JMS I   PROP    /PUT OUT OP CODE
2226 013323  6110                  6110    /OP CODE IS P SPA CLA
2227 013324  4520          JMS I   PRINT   /PUT OUT CRLF
2228 013325  1042          TAD     L42     /OUTPUT THE NEGATIVE BRANCH
2229 013326  4742  IFCOMN, JMS I   PRJMP
2230 013327  1044          TAD     L44
2231 013330  4742          JMS I   PRJMP   /OUTPUT THE POSITIVE (>0) BRANCH
2232 013331  3046          DCA     L46     /ZERO AC
2233 013332  5177          JMP     START   /GO GET NEXT STATEMENT
2234 013333  4516  ISPECL, JMS I   PROP    /PUNCH 'SNA CLA'
2235 013334  6105                  OPSNA
2236 013335  4516          JMS I   PROP
2237 013336  6124                  OPCLA
2238 013337  4520          JMS I   PRINT
2239 013340  1043          TAD     L43
2240 013341  5326          JMP     IFCOMN  /OUTPUT THE ZERO AND POSITIVE BRANCHES
2241 013342  3157  PRJMP,  PRJUMP
2242 013343  0000  COUNT1, 0
2243 013344  0000  LCREAT, 0
2244 013345  2053          ISZ     L53     /INCREMENT BY ONE...
2245 013346  1053          TAD     L53
2246 013347  0155          AND     C77
2247 013350  1370          TAD     CM33
2248 013351  7700          SMA CLA         /HAVE WE BEEN HERE 26 TIMES?
2249 013352  1262          TAD     C46     /YES, BUMP THE HIGH ORDER DIGIT
2250 013353  1053          TAD     L53
2251 013354  3053          DCA     L53     /AND SAVE
2252 013355  1053          TAD     L53     /NOW RETURN IT IN AC
2253 013356  5744          JMP I   LCREAT  /RETURN
2254 013357  0000  LPLAB,  0               /THIS PRINTS REGULAR LABELS
2255 013360  3232          DCA     TMP     /FIRST SAVE LABEL
2256 013361  1257          TAD     D34     /NOW PUNCH A '\'
2257 013362  4520          JMS I   PRINT
2258 013363  1232          TAD     TMP     /GET LABEL
2259 013364  4771          JMS I   DECOUT  /AND PRINT IT
2260 013365  5757          JMP I   LPLAB   /RETURN
2261 013366  6440  GETHI,  LGETHI
2262 013367  3041  CDCA41, DCA     L41
2263 013370  7745  CM33,   -33
2264 013371  7055  DECOUT, LDCOUT
2265                      *3400
2266 013400  5630  DORET,  JMP I   XDO
2267 013401  4516  ISZDO,  JMS I   PROP
2268 013402  6237                  6237    /INC
2269 013403  1030          TAD     L30
2270 013404  4532          JMS I   PRSYM
2271 013405  4520          JMS I   PRINT
2272 013406  5373          JMP     DOSUBT  /GO GENERATE THE LIMIT TEST
2273 013407  0000  NUMB,   0
2274 013410  0000  SWIT,   0
2275 013411  7773  DM5,    -5
2276 013412  7754  CM24,   -24
2277 013413  5001  C5001,  5001
2278 013414  3624  LEQI,   EQI
2279               
2280 013415  4526  LDO,    JMS I   ZZZ
2281 013416  4527          JMS I   ENTITY  /LOOK FOR THE SCOPE LABEL
2282 013417  0055  C55,    55
2283 013420  7410          SKP
2284 013421  5224          JMP     SLAB    /WE GOT THE SCOPE LABEL
2285 013422  0053  E53,    53
2286 013423  5514          JMP I ASSIGN
2287 013424  1032  SLAB,   TAD     L32     /GET THE INTEGER
2288 013425  4230          JMS     XDO     /PUT OUT DO-LOOP CODE
2289 013426  5177          JMP     START   /NORMAL EXIT
2290 013427  5257          JMP     ERR35   /IMPLIED DO EXIT - ERROR
2291               
2292 013430  0000  XDO,    0               /DO LOOP SUBROUTINE - ENTERED WITH
2293                                       /TARGET LABEL IN AC
2294 013431  3415          DCA I   L15     /PUT IN DO END PUSH DOWN LIST
2295 013432  1074          TAD     L74
2296 013433  3016          DCA     L16     /SET UP LIST OF DO ENDS
2297 013434  3021          DCA     L21     /ZERO THE SYMBOL TABLE SWITCH
2298 013435  7240          CMA CLA
2299 013436  3210          DCA     SWIT    /SET SWITCH FOR CONTROL VARIABLE
2300 013437  1211          TAD     DM5
2301 013440  3207          DCA     NUMB    /SET COUNTER OF NUMBER OF PARAMETERS
2302 013441  4527  GETMOR, JMS I   ENTITY  /LOOK FOR A PARAMETER
2303 013442  5245          JMP     .+3     /ERR
2304 013443  5247          JMP     CVAR    /GOT A VARIABLE
2305 013444  5301          JMP     DPAR    /GOT AN INTEGER
2306 013445  0021  C21,    21
2307 013446  5257          JMP     ERR35
2308 013447  4530  CVAR,   JMS I   SYMTAB  /PUT SYMBOL IN TABLE
2309 013450  1077          TAD     L77     /GET ADDRESS
2310 013451  4524          JMS I   MODE    /DETERMINE MODE OF SYMBOL
2311 013452  5257          JMP     ERR35
2312 013453  1077          TAD     L77     /GET ADDRESS AGAIN
2313 013454  3416  DOSTOR, DCA I   L16     /SAVE
2314 013455  2207          ISZ     NUMB    /HAVE WE GOTTEN TOO MANY PARAMS
2315 013456  7410          SKP             /NO
2316 013457  4523  ERR35,  JMS I   LUNCH   /YES, DO ERROR ...
2317 013460  4575          JMS I   GNB
2318 013461  7450          SNA             /IS IT CR
2319 013462  5306          JMP     ALLDNE+1        /YES WERE DONE
2320 013463  1161          TAD     CM51
2321 013464  7450          SNA             /IS IT A RIGHT PAREN?
2322 013465  5305          JMP     ALLDNE  /YES-FINISH UP AND TAKE IMPLIED DO EXIT
2323 013466  1212          TAD     CM24
2324 013467  7440          SZA             /IS IT =
2325 013470  5274          JMP     MCOM    /NO
2326 013471  2210          ISZ     SWIT    /IS SWITCH SET FOR IT
2327 013472  5257          JMP     ERR35   /NO
2328 013473  5241          JMP     GETMOR  /YESS...GO BACK FOR ANOTHER PARAMETER
2329 013474  1245  MCOM,   TAD     C21     /CHECK FOR COMMA
2330 013475  2210          ISZ     SWIT    /IF NO EQUAL SIGN YET
2331 013476  7440          SZA             /OR IF THIS ISN'T A COMMA
2332 013477  5257          JMP     ERR35   /THEN ITS AN ERROR
2333 013500  5241          JMP     GETMOR  /GET ANOTHER
2334 013501  1032  DPAR,   TAD     L32     /GET THE INTEGER
2335 013502  2210          ISZ     SWIT    /HAVE WE SEEN AN EQUAL SIGN?
2336 013503  5254          JMP     DOSTOR  /YES - SAVE THE INTEGER AND PROCEED
2337 013504  5257          JMP     ERR35   /NO
2338 013505  2230  ALLDNE, ISZ     XDO     /BUMP RETURN POINTER IF TERMINATOR WAS RPAR
2339 013506  7201          CLA IAC
2340 013507  3416          DCA I   L16     /STORE A ONE IN THE FOURTH (OR FIFTH) ARGUMENT
2341 013510  1151          TAD     C2
2342 013511  1207          TAD     NUMB
2343 013512  7710          SPA CLA         /DID WE GET AT LEAST THREE ARGS?
2344 013513  5257          JMP     ERR35   /NO
2345 013514  2044          ISZ     L44
2346 013515  1074          TAD     L74     /GET ERASABLE LOCATIONS
2347 013516  3016          DCA     L16     /USE THE AUTO INDEX REGISTERS
2348 013517  1416          TAD I   L16     /GET CONTROL VARIABLE
2349 013520  3030          DCA     L30     /AND PUT IN THIRTY
2350 013521  1416          TAD I   L16     /GET INITIAL VALUE
2351 013522  3031          DCA     L31     /AND SAVE IT
2352 013523  1416          TAD I   L16     /GET FINAL VALUE
2353 013524  3032          DCA     L32     /AND SAVE IT
2354 013525  1416          TAD I   L16     /GET INCREMENT
2355 013526  3033          DCA     L33     /AND SAVE IT
2356 013527  1074          TAD     L74     /GET ADDR OF ERASABLE AGAIN
2357 013530  7001          IAC             /INCREMENT ONCE
2358 013531  3041          DCA     L41     /TELL TRIPL WHERE TO FIND THE DUMMY TRIPLES
2359 013532  1074          TAD     L74     /GET IT AGAIN
2360 013533  3016          DCA     L16     /USE AUTO INDEX TO STORE TRIPLE
2361 013534  3046          DCA     L46     /ZERO THE AC
2362 013535  1213          TAD     C5001   /SET UP INITIAL TRIPLE NUMBER
2363 013536  3040          DCA     L40
2364 013537  1033          TAD     L33
2365 013540  7041          CIA
2366 013541  1031          TAD     L31
2367 013542  7650          SNA CLA         /IF INITIAL VALUE = STEP SIZE
2368 013543  5353          JMP     STCTLV  /NO NEED TO COMPUTE THE DIFFERENCE
2369 013544  1033          TAD     L33     /GET STEP SIZE
2370 013545  3416          DCA I   L16     /PUT IN TRIPLE
2371 013546  1217          TAD     C55     /PUT IN A MINUS SIGN
2372 013547  3416          DCA I   L16
2373 013550  1031          TAD     L31     /GET INITIAL VALUE
2374 013551  3416          DCA I   L16
2375 013552  4537          JMS I   TRIPL   /PROCESS THE TRIPLE
2376 013553  4614  STCTLV, JMS I   LEQI    /STORE ANSWER IN CONTROL VARIABLE
2377 013554  4542          JMS I   CLAB    /PUT A CDREATED LABVEL ON THE NEXT STATEMENT
2378 013555  1053          TAD     L53     /GET THE CREATED LABEL
2379 013556  3415          DCA I   L15     /AND PUT IN     DO END LIST
2380 013557  1074          TAD     L74
2381 013560  3016          DCA     L16
2382 013561  1033          TAD     L33     /GET STEP SIZE
2383 013562  7110          CLL RAR
2384 013563  7450          SNA             /IF STEP SIZE=1 THEN
2385 013564  5201          JMP     ISZDO   /WE CAN USE AN ISZ TO INCREMENT
2386 013565  7004          RAL
2387 013566  3416          DCA I   L16
2388 013567  1222          TAD     E53     /WERE GOING TO ADD
2389 013570  3416          DCA I   L16
2390               /       L30 IS IN THE THIRD POSITION SINCE WE CALLED "EQI"
2391 013571  4537          JMS I   TRIPL   /ADD STEP SIZE TO CONTROL VARIABLE
2392 013572  4614          JMS I   LEQI    /STORE ANSWER IN CONTROL VARIABLE
2393 013573  1074  DOSUBT, TAD     L74
2394 013574  3016          DCA     L16
2395 013575  1030          TAD     L30     /GET THE CONTROL VARIABLE
2396 013576  3416          DCA I   L16
2397 013577  1217          TAD     C55     /WERE GOING TO SUBTRACT
2398 013600  3416          DCA I   L16
2399 013601  1032          TAD     L32     /GET FINAL VALUE
2400 013602  3416          DCA I   L16
2401 013603  4537          JMS I   TRIPL   /SUBTRACT CONTROL VARIABLE FROM FINAL VALUE
2402 013604  3046         DCA     L46     /CLEAR THE AC FLAG
2403 013605  4516          JMS I   PROP
2404 013606  6110                  6110    /SPA CLA
2405 013607  4520          JMS I   PRINT
2406 013610  4516          JMS I   PROP
2407 013611  6044                  6044    /PUT OUT A JMP
2408 013612  4533          JMS I   CREATE  /TO A CREATED LABEL
2409 013613  3415          DCA I   L15     /PUT CREATED LABEL IN DO END LIST
2410 013614  1053          TAD     L53     /GET LABEL
2411 013615  4517          JMS I   PRCRL   /AND PRINT IT
2412 013616  4520          JMS I   PRINT   /CRLF
2413 013617  2055          ISZ     L55     /INCREMENT UNENDED DO COUNTER
2414 013620  7410          SKP
2415 013621  4523  ERR38,  JMS I   LUNCH   /TOOO MANY UNENDED DOS
2416 013622  5623          JMP I   .+1
2417 013623  3400          DORET           /RETURN FROM SUBROUTINE "XDO"
2418               
2419 013624  0000  EQI,    0
2420 013625  1074          TAD     L74
2421 013626  3016          DCA     L16
2422 013627  1046          TAD     L46     /GET RESULT OF PREVIOUS COMPUTATION
2423 013630  3416          DCA I   L16
2424 013631  1356          TAD     E75     /GET EQUALS SIGN
2425 013632  3416          DCA I   L16
2426 013633  1030          TAD     L30     /GET CONTROL VARAIBLE
2427 013634  3416          DCA I   L16
2428 013635  4537          JMS I   TRIPL   /PROCESS
2429 013636  3046          DCA     L46     /WIPE AC SWITCH
2430 013637  5624          JMP I   EQI     /RETURN
2431 013640  0000  LFUNCT, 0
2432 013641  3355          DCA     ARGCNT
2433 013642  1046          TAD     L46     /GET AC
2434 013643  7640          SZA CLA         /IS IT ZERO
2435 013644  4543          JMS I   STORE   /NO...STORE THE AC
2436 013645  1053          TAD     L53     /GET CURRENT CREATED LABEL
2437 013646  3073          DCA     L73     /AND SAVE
2438 013647  7240          CLA CMA         /AC IS MINUS ONE
2439 013650  1041          TAD     L41     /PUSH LIST POINTER
2440 013651  3042          DCA     L42     /PUSH LIST POINTER MINUS ONE
2441 013652  2042  CKFNCT, ISZ     L42     /INCREMENT POINTER
2442 013653  2042          ISZ     L42     /AGAIN
2443 013654  1442          TAD I   L42     /GET    THE OPERATOR
2444 013655  1357          TAD     CM4047  /SUBTRACT THE FUNCTION OPERATOR
2445 013656  7440          SZA             /IS THIS THE FUNCTION OPERATOR
2446 013657  5346          JMP     CKSBSC  /NO
2447 013660  7201          CLA IAC         /YES...THE FUNCTION NAME IS IN THE NEXT LOCATIO
2448 013661  1042          TAD     L42     /THIS POINTS TO IT
2449 013662  3354          DCA     SAVE    /AND SAVE
2450 013663  1754          TAD I   SAVE
2451 013664  1151          TAD     C2
2452 013665  3224          DCA     EQI
2453 013666  1624          TAD I   EQI
2454 013667  0163          AND     CM2
2455 013670  7001          IAC
2456 013671  3624          DCA I   EQI
2457 013672  7240  MOR,    CLA CMA         /NOW EXAM THE ARGUMENTS
2458 013673  1042          TAD     L42     /WERE POINTING TO THE FIRST ARGUMENT
2459 013674  3042          DCA     L42     /SAVE THE POINTER
2460 013675  2355          ISZ     ARGCNT
2461 013676  4541          JMS I   LCHNG   /CHECK L42 FOR ZERO OR DUMMY ARG
2462 013677  3442          DCA I   L42     /REPLACE IT BY UPDATED VALUE
2463 013700  1042          TAD     L42     /IT WASNT...SEE IF IT WAS THE LAST ARGUMENT
2464 013701  7041          CIA
2465 013702  1041          TAD     L41     /SUBTRACT THE END OF ARGUMENT LIST
2466 013703  7650          SNA CLA         /IS IT ZERO
2467 013704  5311          JMP     OUT     /YES...WE'VE COMPLETED THIS PHASE
2468 013705  7240          CLA CMA         /NO...MOVE THE POINTER BACK ONE
2469 013706  1042          TAD     L42
2470 013707  3042          DCA     L42     /AND SAVE
2471 013710  5272          JMP     MOR     /NOW CHECK THE NEXT ARGUMENT
2472 013711  1354  OUT,    TAD     SAVE    /GET THE POINTER TO THE FUMCTION NAME AGAIN
2473 013712  3042          DCA     L42     /AND PUT IN 42
2474 013713  1442          TAD I   L42     /GET THE ARGUMENT
2475 013714  3317          DCA     FUNOP   /USE FPROP TO PUT OUT THE CALL TO THE FUNCTION
2476 013715  1355          TAD     ARGCNT  /GIVE FPROP THE NUMBER OF ARGUMENTS
2477 013716  4544          JMS I   FPROP   /PUT OUT THE CALL TO THE FUNCTION
2478 013717  0000  FUNOP,  0
2479 013720  1073          TAD     L73     /NOW RESTORE THE CREATED LABEL LOCATION
2480 013721  3053          DCA     L53
2481 013722  1042  MNEXT,  TAD     L42     /GET THE POINTER
2482 013723  1163          TAD     CM2     /MOVE POINTER TO ARGUMENT
2483 013724  3042          DCA     L42     /AND SAVE
2484 013725  1442          TAD I   L42     /GET NEXT ARGUMENT
2485 013726  4753          JMS I   PSYMOT  /GENERATE AN "ARG" FOR THE ARGUMENT
2486 013727  1042          TAD     L42     /GET THE POINTER
2487 013730  7041          CIA             /SET IT NEGATIVE
2488 013731  1041          TAD     L41     /ADD
2489 013732  7640          SZA CLA         /ARE THEY EQUAL
2490 013733  5322          JMP     MNEXT   /NO THERE ARE MORE ARGS
2491 013734  1754          TAD I   SAVE    /YES...GET THE FUNCTION NAME
2492 013735  4524          JMS I   MODE    /WHAT MODE IS IT
2493 013736  1360          TAD     E400    /ITS FLOATING POINT
2494 013737  1040          TAD     L40     /ITS INTEGER
2495 013740  3046          DCA     L46     /PUT THE TRIPLE NUMBER IN THE AC SWITCH
2496 013741  1354          TAD     SAVE    /YES...CHANGE PUSH LIST POINTER
2497 013742  3041          DCA     L41     /STORE POINTER TO NAME IN PUSH LIST POINTER
2498 013743  1046          TAD     L46     /GET CURRENT TRIPLE NUMBER
2499 013744  3441          DCA I   L41     /AND PUT IT IN THE PUSH LIST
2500 013745  5640          JMP I   LFUNCT  /RETURN
2501 013746  7001  CKSBSC, IAC
2502 013747  7640          SZA CLA         /IS IT THE SUBSCRIPT OPERATOR?
2503 013750  5252          JMP     CKFNCT  /NO - KEEP LOOKING
2504 013751  5752          JMP I   .+1
2505 013752  4110          ERR39
2506 013753  6672  PSYMOT, SYMOUT
2507 013754  0000  SAVE,   0
2508 013755  0000  ARGCNT, 0
2509 013756  0075  E75,    75
2510 013757  3731  CM4047, -4047
2511 013760  0400  E400,   400
2512               
2513 013761  1373          TAD     C47
2514 013762  4776          JMS I   PPACK
2515 013763  4775  LQUOTE, JMS I   PGTC    /GET A CHARACTER
2516 013764  7450          SNA
2517 013765  4523  ERR37,  JMS I   LUNCH   /CARRIAGE RETURN - ERROR
2518 013766  1374          TAD     CM47
2519 013767  7440          SZA
2520 013770  5361          JMP     LQUOTE-2        /IF NOT A QUOTE, STORE IT
2521 013771  5772          JMP I   .+1
2522 013772  1401          FRET
2523 013773  0047  C47,    47
2524 013774  7731  CM47,   -47
2525 013775  0730  PGTC,   LGTC
2526 013776  1437  PPACK,  PACK
2527                      *4000
2528 014000  4525  LCONT,  JMS I   LOOK    /CHECK REST OF LINE
2529 014001  7774                  -4      /LOOK FOR FOUR CHARACTERS
2530 014002  7767                  -11     /I
2531 014003  7762                  -16     /N
2532 014004  7753                  -25     /U
2533 014005  7773                  -5      /E
2534 014006  4526          JMS I   ZZZ
2535 014007  4516          JMS I   PROP    /PUNCH 'NOP'
2536 014010  6047                  6047
2537 014011  4520          JMS I   PRINT   /PUT OUT A CRLF
2538 014012  5177          JMP     START   /GO GET NEXT STATEMENT
2539               
2540 014013  4525  LPAUSE, JMS I   LOOK    /CHECK REST OF STATEMENT TYPE
2541 014014  7777                  -1      /JUST ONE CHARACTER
2542 014015  7773                  -5      /E
2543 014016  7240          CLA CMA
2544 014017  3267  LSTOP,  DCA     SW      /SET SWITCH FOR STOP OR PAUSE
2545 014020  3032          DCA     L32
2546 014021  4527          JMS I   ENTITY  /LOOK FOR THE OPTIONAL INTEGER
2547 014022  5227          JMP     MCR     /WE GOT A CR
2548 014023  7410          SKP             /ERR
2549 014024  5227          JMP     .+3     /WE GOT AN INTEGER
2550 014025  7000          NOP             /ERR
2551 014026  5514          JMP I ASSIGN
2552               
2553 014027  4526  MCR,    JMS I ZZZ
2554 014030  2267          ISZ     SW      /PAUSE OR STOP?
2555 014031  5250          JMP     STOP
2556 014032  4544          JMS I   FPROP   /PUNCH 'CALL 0,CKIO'
2557 014033  6116          6116
2558 014034  4516          JMS I   PROP    /PRINT OP CODE
2559 014035  6066                  6066    /OPCODE IS TAD
2560 014036  1032          TAD     L32     /GET THE INTEGER
2561 014037  4532          JMS I   PRSYM   /PRINT IT
2562 014040  4520          JMS I   PRINT   /CR
2563 014041  4516          JMS I   PROP
2564 014042  6121                  6121
2565 014043  4520          JMS I   PRINT
2566 014044  4516          JMS I   PROP
2567 014045  6124                  6124
2568 014046  4520          JMS I   PRINT   /PUT OUT CRLF
2569 014047  5177          JMP     START   /GO GET NEXT STATEMENT
2570               
2571 014050  4252  STOP,   JMS     OSTOP
2572 014051  5177          JMP     START
2573               
2574 014052  0000  OSTOP,  0               /PUNCH 'CALL 0,CKIO'
2575 014053  4544          JMS I   FPROP
2576 014054  6116                  6116
2577 014055  4542          JMS I   CLAB    /PUNCH '<LAB>, HLT'
2578 014056  4516          JMS I   PROP
2579 014057  6121                  6121
2580 014060  4520          JMS I   PRINT
2581 014061  4516          JMS I   PROP    /PUNCH 'JMP <LAB>'
2582 014062  6044                  6044
2583 014063  1053          TAD     L53
2584 014064  4517          JMS I   PRCRL
2585 014065  4520          JMS I   PRINT
2586 014066  5652          JMP I   OSTOP
2587               
2588 014067  0000  SW,     0
2589 014070  4525  LFRMAT, JMS I   LOOK    /CHECK REST OF STATEMENT TYPE
2590 014071  7776                  -2      /TWO CHARACTERS
2591 014072  7777                  -1      /A
2592 014073  7754                  -24     /T
2593 014074  2252          ISZ     OSTOP
2594 014075  1074          TAD     L74
2595 014076  3010          DCA     L10
2596 014077  3076          DCA     L76
2597 014100  4516          JMS I PROP
2598 014101  6044          6044
2599 014102  4533          JMS I CREATE
2600 014103  4517          JMS I PRCRL
2601 014104  4520          JMS I PRINT
2602 014105  4575          JMS I   GNB     /READ UNTIL A PAREN IS GOTTEN
2603 014106  1160          TAD     CM50    /SUBTRACT A (
2604 014107  7640          SZA CLA         /IS IT A (
2605 014110  4523  ERR39,  JMS I   LUNCH   /NO...ILLEGAL CHARACTER
2606 014111  1356          TAD     C50     /GET A LEFT PAREN
2607 014112  5316          JMP     PAREN   /AND GO START COUNTING PARENS
2608 014113  4754  AGAIN,  JMS I   GTC
2609 014114  7450          SNA             /IS IT A CR
2610 014115  4515          JMS I   PUTCH   
2611 014116  7106  PAREN,  RTL CLL         /SHIF CHAR LEFT
2612 014117  7006          RTL
2613 014120  7006          RTL
2614 014121  3032          DCA     L32     /SAVE THE CHAR
2615 014122  4754          JMS I   GTC
2616 014123  7450          SNA             /IS IT A CR
2617 014124  3252          DCA     OSTOP
2618 014125  1032          TAD     L32     /PACK THE TWO CHARS
2619 014126  3410          DCA I   L10
2620 014127  2076          ISZ     L76
2621 014130  1252          TAD     OSTOP   /GET BALANCED PAREN SWITCH
2622 014131  7640          SZA CLA         /ARE THEY BALANCED
2623 014132  5313          JMP     AGAIN   /NO GET SOME MORE CHARS
2624 014133  1076          TAD     L76
2625 014134  4536          JMS I   PIFF
2626 014135  1074          TAD     L74
2627 014136  3010          DCA     L10
2628 014137  1076          TAD     L76
2629 014140  7041          CIA
2630 014141  3076          DCA     L76
2631 014142  4526          JMS I   ZZZ
2632 014143  1410          TAD I   L10
2633 014144  4534          JMS I   PROTAC
2634 014145  4520          JMS I   PRINT
2635 014146  2076          ISZ     L76
2636 014147  5343          JMP     .-4
2637 014150  1053          TAD     L53     /PUNCH '<LABEL>,'
2638 014151  4542          JMS I   CLAB
2639 014152  4520          JMS I   PRINT
2640 014153  5177          JMP     START
2641 014154  0730  GTC,    LGTC
2642 014155  2660  PXSUBR, XXSUBR
2643 014156  0050  C50,    50
2644               
2645 014157  0000  LPIFF,  0               /PUNCH 'IFF <N>'
2646 014160  3367          DCA     LZZZ    /ENTER WITH N IN THE AC
2647 014161  4516          JMS I   PROP
2648 014162  6102                  6102
2649 014163  1367          TAD     LZZZ
2650 014164  4534          JMS I   PROTAC
2651 014165  4520          JMS I   PRINT
2652 014166  5757          JMP I   LPIFF
2653               
2654 014167  0000  LZZZ,   0               /PUNCH THE CURRENT LABEL, IF ANY
2655 014170  1054          TAD     L54
2656 014171  7450          SNA             /IS THERE A LABEL?
2657 014172  5376          JMP     ZZZRET  /NO
2658 014173  4535          JMS I   PLAB    /PUNCH '<LABEL>, '
2659 014174  1154          TAD     C7240
2660 014175  4521          JMS I   P2
2661 014176  3755  ZZZRET, DCA I   PXSUBR  /MAKE SUBROUTINES AND FUNCTIONS ILLEGAL
2662 014177  5767          JMP I   LZZZ
2663                      *4200
2664 014200  0000  LTRIPL, 0
2665 014201  4766          JMS I   XZQL    /FIRST CHECK IF A TRIPLE IS LEGAL HERE
2666 014202  1041          TAD     L41     /GET PUSH LIST POINTER
2667 014203  7001          IAC             /INCREMENT TO POINT TO OPERATOR
2668 014204  3042          DCA     L42     /OPERATOR POINTER
2669 014205  1042          TAD     L42     /GET IT AGAIN
2670 014206  7001          IAC             /INCREMENT IT
2671 014207  3043          DCA     L43     /OPERAND TWO POINTER
2672 014210  1442          TAD I   L42     /GET OPERATOR
2673 014211  0155          AND     C77     /MASK GARBAGE BITS
2674 014212  1354          TAD     CM41    /SUBTRACT AN ADD INDIRECT OPERATOR
2675 014213  7650          SNA CLA         /IS OPERATOR  <DOLLAR>
2676 014214  5746          JMP I   LADDIN  /YES PROCESS IT
2677 014215  1443          TAD I   L43     /NO...GET OPERAND TWO
2678 014216  4531          JMS I   DUMARG  /SEE IF ITS A DUMMY ARGUMENT
2679 014217  7410          SKP             /YES IT IS
2680 014220  5231          JMP     CK2     /NO ..CHECK THE OTHER ARGUMENT
2681 014221  1442          TAD I   L42     /YES    GET THE OPERATOR
2682 014222  0155          AND     C77     /MASK GARBAGE BITS
2683 014223  1355          TAD     EM75    /IS IT AN EQUALS SIGN
2684 014224  7450          SNA             /IS OP C
2685 014225  5321          JMP     LEQUIN  /YES USE C*
2686 014226  7001          IAC             /SEE IF ITS ALREADY EQUALS INDIRECT
2687 014227  7640          SZA CLA         /IS OP C*
2688 014230  4756          JMS I   LDUMTW  /YES TWO IS DUMMY ARG
2689 014231  7200  CK2,    CLA
2690 014232  1441          TAD I   L41     /NO IS OPND ONE A SYMBOL
2691 014233  4531          JMS I   DUMARG  /SEE IF ITS A DUMMY ARGUMENT
2692 014234  4762          JMS I   LDUMON  /IT IS
2693 014235  7300          CLA CLL         /NOW LETS SEE WHAT THE OPERATOR IS
2694 014236  1442          TAD I   L42     /GET THE OPERATOR
2695 014237  0155          AND     C77     /MASK OUT GARBAGE BITS
2696 014240  1363          TAD     CM53
2697 014241  7450          SNA             /IS IT  
2698 014242  5745          JMP I   LAADD   /YES
2699 014243  7001          IAC
2700 014244  7450          SNA             /IS IT *
2701 014245  5764          JMP I   LMUL    /YES
2702 014246  1164          TAD     CM3
2703 014247  7450          SNA             /IS IT -
2704 014250  5747          JMP I   LASUB   /YES
2705 014251  1163          TAD     CM2
2706 014252  7450          SNA             /IS IT /
2707 014253  5765          JMP I   LDIV    /YES
2708 014254  1357          TAD     CM16
2709 014255  7450          SNA             /IS IT C
2710 014256  5750          JMP I   LEQU    /YES
2711 014257  7001          IAC
2712 014260  7450          SNA             /IS IT C*
2713 014261  5751          JMP I   LEIND   /YES
2714 014262  1367          TAD     J27
2715 014263  7450          SNA             /IS IT **
2716 014264  5752          JMP I   LEXP    /YES
2717 014265  1151          TAD     C2
2718 014266  7450          SNA             /IS IT A UNARY MINUS
2719 014267  5753          JMP I   LUMIN   /YES
2720 014270  4523  ERR40,  JMS I   LUNCH   /NO BETTER COP OUT
2721 014271  0000  LDMARG, 0
2722 014272  7500          SMA             /IS HIGH ORDER BIT ON
2723 014273  5313          JMP     INC     /NO...ITS NEITHER A SYMBOL OR A TRIPLE NUMBER
2724 014274  7004          RAL             /GET NEXT BIT
2725 014275  7500          SMA             /IS IT ON
2726 014276  5316          JMP     MAYBE   /NO...WE MIGHT HAVE A SUBSCRIPT THOUGH
2727 014277  7010          RAR             /YES...RESTOR THE PARAMETER
2728 014300  7041          CIA             /SET IT NEGATIVE
2729 014301  1047          TAD     L47     /SUBTRACT IT FROMTHE START OF THE FCON TABLE
2730 014302  7510          SPA             /IS THE RELULT POSITIVE
2731 014303  5313          JMP     INC     /NO...ITS AN FCON NOT A SYMBOL
2732 014304  7041          CIA             /YESS...RESTORE ORIGINAL PARAMETER
2733 014305  1047          TAD     L47
2734 014306  1151          TAD     C2      /YES    MOVE POINTER TO CONTROL BITS
2735 014307  3023          DCA     L23     /SAVE
2736 014310  1423          TAD I   L23     /GET THE CONTROL BITS
2737 014311  0360          AND     C10     /MASK ALL BUT DUMMY ARG BIT OUT
2738 014312  7650  INC1,   SNA CLA         /IS THIS SYMBOL. A DUMMY ARG
2739 014313  2271  INC,    ISZ     LDMARG  /NO...INCREMENT THE RETURN
2740 014314  7200          CLA             /CLEAR THE ACCUMULATOR
2741 014315  5671          JMP I   LDMARG  /AND RETURN
2742 014316  0361  MAYBE,  AND     F400    /MASK THE SUBSCRIPT BIT OF THE TRIPLE NUMBER
2743 014317  5312          JMP INC1        /AND CHECK BECAUSE WE TREAT SUBSCS AS DUMMY ARG
2744 014320  5600  ARET,   JMP I   LTRIPL  /THIS IS THE RETURN FROM TRIPLE
2745               
2746 014321  1324  LEQUIN, TAD     C74
2747 014322  3442          DCA I   L42     /SET OP TO =*
2748 014323  5231          JMP     CK2
2749 014324  0074  C74,    74
2750               /
2751               /       THIS ROUTINE CHECKS THE REST OF THE CHARS FOR A STATEMENT
2752 014325  0000  LLOOK,  0
2753 014326  4337          JMS     GLOOK   /GET CHARACTER COUNT
2754 014327  3200          DCA     LTRIPL
2755 014330  4575  ABACK,  JMS I   GNB
2756 014331  4337          JMS     GLOOK   /ADD IN THE TEST CHAR
2757 014332  7640          SZA CLA         /WERE THEY EQUAL
2758 014333  5514          JMP I   ASSIGN  /NO...IT MUST BE AN ASSIGNMENT STATEMENT
2759 014334  2200          ISZ     LTRIPL  /THEY MATCH...ARE WE DONE
2760 014335  5330          JMP     ABACK   /NO
2761 014336  5725          JMP I   LLOOK   /RETURN
2762               
2763 014337  0000  GLOOK,  0
2764 014340  6211          CDF 10
2765 014341  1725          TAD I   LLOOK
2766 014342  2325          ISZ     LLOOK
2767 014343  6201          CDF 00
2768 014344  5737          JMP I   GLOOK
2769               /
2770 014345  5232  LAADD,  AADD
2771 014346  4600  LADDIN, ADDIND
2772 014347  4520  LASUB,  ASUB
2773 014350  5120  LEQU,   EQU
2774 014351  5116  LEIND,  EIND
2775 014352  5061  LEXP,   EXP
2776 014353  5224  LUMIN,  UMIN
2777 014354  7737  CM41,   -41
2778 014355  7703  EM75,   -75
2779 014356  5000  LDUMTW, DUMTWO
2780 014357  7762  CM16,   -16
2781 014360  0010  C10,    10
2782 014361  0400  F400,   400
2783 014362  5013  LDUMON, DUMONE
2784 014363  7725  CM53,   -53
2785 014364  4702  LMUL,   MUL
2786 014365  5037  LDIV,   DIV
2787 014366  5265  XZQL,   LXZQ
2788 014367  0027  J27,    27
2789                      *4400
2790                /      FIGURE OUT WHATS IN AC
2791 014400  0000  LCHECK, 0
2792 014401  1046          TAD     L46     /GET WHATS IN THE AC
2793 014402  7041          CIA             /SET NEGATIVE
2794 014403  1441          TAD I   L41     /SUBTRACT
2795 014404  7650          SNA CLA         /ARE THEY EQUAL
2796 014405  5217          JMP     ONE     /YES
2797 014406  1046          TAD     L46     /GET AC AGAIN
2798 014407  7041          CIA             /SET NEGATIVE
2799 014410  1443          TAD I   L43     /SUBTRACT TWO
2800 014411  7650          SNA CLA         /ARE THEY EQUAL
2801 014412  5222          JMP     TWO     /YES
2802 014413  1046          TAD     L46     /GET THE AC
2803 014414  7650          SNA CLA         /IS IT ZERO
2804 014415  5220          JMP     NONE    /NO     YES YES YES
2805 014416  5221          JMP     SOME    /JUST SIMETHING IN AC
2806 014417  2200  ONE,    ISZ     LCHECK
2807 014420  2200  NONE,   ISZ     LCHECK
2808 014421  2200  SOME,   ISZ     LCHECK
2809 014422  5600  TWO,    JMP I   LCHECK
2810               
2811               /       FINDS TEMPORARY THAT TRIPLE NUMBER IS ASSIGNED TO
2812               
2813 014423  0000  LTMPOR, 0
2814 014424  3300          DCA     LFPROP  /SAVE TRIPLE NUMBER
2815 014425  1300          TAD     LFPROP
2816 014426  4524          JMS I   MODE    /DETERMINE ITS MODE
2817 014427  1360          TAD     C30     /FLOATING POINT
2818 014430  1355          TAD     TTAB    /INTEGER
2819 014431  3200          DCA     LCHECK
2820 014432  1361          TAD     CM30
2821 014433  3317          DCA     FOP     /SET UP COUNT FOR SEARCH
2822 014434  1600  LTLP1,  TAD I   LCHECK
2823 014435  7041          CIA
2824 014436  1300          TAD     LFPROP
2825 014437  7650          SNA CLA         /IS THIS THE ONE?
2826 014440  5273          JMP     ZEROIT  /YES - ZERO IT OUT AND RETURN IT
2827 014441  2200          ISZ     LCHECK
2828 014442  2317          ISZ     FOP
2829 014443  5234          JMP     LTLP1   /LOOP OVER ENTIRE TABLE
2830 014444  1200          TAD     LCHECK  /NOT FOUND - WE HAVE TO ASSIGN IT
2831 014445  1361          TAD     CM30
2832 014446  3200          DCA     LCHECK  /RESET POINTERS FOR ZERO SEARCH
2833 014447  1361          TAD     CM30
2834 014450  3317          DCA     FOP
2835 014451  1600  LTLP2,  TAD I   LCHECK
2836 014452  7650          SNA CLA         /IS THIS TEMPORARY FREE?
2837 014453  5260          JMP     TEMPTY  /YES
2838 014454  2200          ISZ     LCHECK
2839 014455  2317          ISZ     FOP
2840 014456  5251          JMP     LTLP2   /CHECK THEM ALL
2841 014457  4523  ERR41,  JMS I   LUNCH   /OUT OF TEMPORARIES
2842 014460  1200  TEMPTY, TAD     LCHECK
2843 014461  7041          CIA
2844 014462  1045          TAD     L45
2845 014463  7650          SNA CLA         /ADJUST THE NUMBER OF FLOATING POINT TEMPS
2846 014464  2045          ISZ     L45
2847 014465  1200          TAD     LCHECK
2848 014466  7041          CIA
2849 014467  1051          TAD     L51
2850 014470  7650          SNA CLA         /ADJUST THE NUMBER OF INTEGER TEMPS
2851 014471  2051          ISZ     L51
2852 014472  1300          TAD     LFPROP  /STORE TRIPLE NUMBER IN THIS TEMPORARY SLOT
2853 014473  3600  ZEROIT, DCA I   LCHECK
2854 014474  1317          TAD     FOP
2855 014475  1277          TAD     C31     /GET POSITIVE NUMBER FROM TABLE COUNTER
2856 014476  5623          JMP I   LTMPOR  /RETURN
2857 014477  0031  C31,    31
2858               
2859 014500  0000  LFPROP, 0               /THIS ROUTINE PUNCHES SUBROUTINE CALLS
2860 014501  3317          DCA     FOP     /SAVE THE NUMBER OF ARGUMENTS
2861 014502  4516          JMS I   PROP
2862 014503  6113                  6113    /PUT OUT THE CALL
2863 014504  1317          TAD     FOP     /GET THE NUMBER OF ARGUMENTS
2864 014505  4534          JMS I   PROTAC  /PRINT IT
2865 014506  1171          TAD     C54     /GET A COMMA
2866 014507  4520          JMS I   PRINT   /PRINT IT
2867 014510  6211          CDF 10
2868 014511  1700          TAD I   LFPROP
2869 014512  6201          CDF 00
2870 014513  4532          JMS I   PRSYM
2871 014514  4520          JMS I   PRINT
2872 014515  2300          ISZ     LFPROP  /INCREMENT RETURN
2873 014516  5700          JMP I   LFPROP  /RETURN
2874 014517  0000  FOP,    0
2875               /       COME HERE IF OP IS -
2876 014520  4566  ASUB,   JMS I   SMODE   /MAKE SURE THAT BOTH ARGS ARE OF SAME MODE
2877 014521  1443          TAD I   L43     /GET OPERAND TWO
2878 014522  4524          JMS I   MODE
2879 014523  5337          JMP     FSUB    /ITS FLOATING POINT
2880 014524  4200          JMS     LCHECK  /ITS INTEGER...CHECK WHATS IN THE AC
2881 014525  5333          JMP     STWO    /TWO IS IN THE AC
2882 014526  4543          JMS I   STORE   /SMETHING IS IN THE AC
2883 014527  4757          JMS I   LADDON  /NOTHING IS IN THE AC...ADD ONE TO IT
2884 014530  4756  ASBCMN, JMS I   LCOMP   /ONE IS IN AC...COMPLEMENT IT
2885 014531  4763          JMS I   LADDTW  /ADD TWO TO IT
2886 014532  5762          JMP I   LRETUR  /AND RETURN
2887 014533  4756  STWO,   JMS I   LCOMP   /TWO IS IN AC...COMPLEMENT IT
2888 014534  4757          JMS I   LADDON  /ADD ONE TO IT
2889 014535  4756          JMS I   LCOMP   /AND COMPLEMENT IT AGAIN
2890 014536  5762          JMP I   LRETUR  /AND RETURN
2891 014537  4200  FSUB,   JMS     LCHECK  /FLOATING POINT...CHECK THE AC
2892 014540  5345          JMP     FS      /TWO IS IN AC
2893 014541  4543          JMS I   STORE   /SOMETHING IN AC...STORE IT
2894 014542  5344          JMP     FAS     /NOTHING IN AC
2895 014543  5330          JMP     ASBCMN  /ONE IS IN AC - COMPLEMENT AND ADD TWO
2896 014544  4763  FAS,    JMS I   LADDTW  /NOTHING IN AC...ADD TWO IN
2897 014545  7001  FS,     IAC             /WE HAVE ONE ARG
2898 014546  4544          JMS I   FPROP
2899 014547  6011                  6011
2900 014550  4570          JMS I   ARG     /PUT OUT THE ARG PSEUDO OP
2901 014551  1441          TAD I   L41     /GET ARGUMENT ONE
2902 014552  4532  IRET,   JMS I   PRSYM   /AND PUT IT OUT
2903 014553  4520          JMS I   PRINT   /PUT OUT CRLF
2904 014554  5762          JMP I   LRETUR
2905 014555  0710  TTAB,   ITTAB           /THIS IS THE STARTING ADDRESS OF THE TEMP TABLE
2906 014556  4667  LCOMP,  COMP
2907 014557  5213  LADDON, ADDONE
2908 014560  0030  C30,    30
2909 014561  7750  CM30,   -30
2910 014562  5274  LRETUR, RETURN
2911 014563  5254  LADDTW, ADDTWO
2912                      *4600
2913               /       PROCESS  *
2914 014600  4565  ADDIND, JMS I   CHECK   /CHECK WHATS IN THE AC
2915 014601  7000          NOP             /TWO IS IN AC
2916 014602  7410          SKP             /N SOMETHING IS IN AC
2917 014603  7410          SKP             /NOTHING IS IN AC
2918 014604  4543          JMS I   STORE   /STORE WHATEVER IS IN AC
2919 014605  1441          TAD I   L41     /GET OPERAND ONE
2920 014606  4524          JMS I   MODE    /WHAT MODE IS IT
2921 014607  5214          JMP     FLOT    /YES    IT FLOATING POINT
2922 014610  4516          JMS I   PROP    /IST INTEGER...
2923 014611  6063                  6063    /PUT OUT A TAD*
2924 014612  1441  LOOP6,  TAD I   L41     /GET THE FIRST OPERAND AGAIN
2925 014613  5726          JMP I   LIRET   /GO TO THE RETURN ROUTINE
2926 014614  7001  FLOT,   IAC             /WE ONLY HAVE ONE ARG
2927 014615  4544          JMS I   FPROP   /PUT OUT A CALL TO A FLOATING POINT ROUTINE
2928 014616  6132                  6132    /PUT OUT A CALL TO FLOATING INDIRECT ADD
2929 014617  4570          JMS I   ARG     /PUT OUT THE ARG PSEUDO OP
2930 014620  5212          JMP     LOOP6   /AND JUMP BACK
2931               /       THIS PUTS OUT OPCODES FOR AN ADD
2932 014621  0000  ADDL,   0
2933 014622  7110          CLL RAR
2934 014623  7450          SNA             /TEST FOR 0 OR 1
2935 014624  5240          JMP     ADSPCL
2936 014625  7004          RAL             /NOT 0 OR 1, TREAT NORMALLY
2937 014626  4524          JMS I   MODE    /WHAT MODE ARE WE IN
2938 014627  5233          JMP     LOOP7   /YES
2939 014630  4516          JMS I   PROP    /PUT OUT A TAD
2940 014631  6066                  6066
2941 014632  5621          JMP I   ADDL    /RETURN
2942 014633  7001  LOOP7,  IAC             /WE ONLY HAVE ONE ARGUMENT
2943 014634  4544          JMS I   FPROP   /PUT OUT A CALL TO A FLOATING POINT ROUTINE
2944 014635  6003                  6003    /PUT OUT A FLOATING ADD
2945 014636  4570          JMS I   ARG     /PUT OUT THE ARG PSEUDO OP
2946 014637  5621          JMP I   ADDL    /AND RETURN
2947 014640  2221  ADSPCL, ISZ     ADDL
2948 014641  2221          ISZ     ADDL    /BUMP RETURN POINT PAST ARGUMENT TO "TAD"
2949 014642  7420          SNL             /0?
2950 014643  5621          JMP I   ADDL    /YUP - DON'T PUT OUT NUTTIN
2951 014644  4516          JMS I   PROP
2952 014645  6250          OPIAC           /PUT OUT "IAC"
2953 014646  5621          JMP I   ADDL
2954               
2955               /       STORES CONTENTS OF AC IN TEMPORARY
2956               /       PUT OUT DCA OR CALL STO
2957               /       FOLLOWED BY THE TEMPORARY LOC
2958 014647  0000  LSTORE, 0
2959 014650  1046          TAD     L46     /GET THE AC
2960 014651  4524          JMS I   MODE    /WHAT MODE IS IT
2961 014652  5262          JMP     FSTO    /ITS FLOATING POINT
2962 014653  4516          JMS I   PROP
2963 014654  6071                  6071    /ITS INTEGER...PUT OUT A DCA
2964 014655  1046  STORET, TAD     L46     /GET THE AC AGAIN
2965 014656  4532          JMS I   PRSYM   /PRINT WHATEVER IS IN IT
2966 014657  4520          JMS I   PRINT   /PUT OUT A CRLF
2967 014660  3046          DCA     L46     /ZERO THE AC
2968 014661  5647          JMP I   LSTORE  /AND RETURN
2969 014662  7001  FSTO,   IAC             /WE ONLY HAVE ONE ARG
2970 014663  4544          JMS I   FPROP   /PUT OUT A CALL TO A FLOATING POINT ROUTINE
2971 014664  6006                  6006    /PUT OUT A CALL TOFLOATING STORE
2972 014665  4570          JMS I   ARG     /PUT OUT THE ARG PSEUDO OP
2973 014666  5255          JMP     STORET  /AND JMP BACK
2974 014667  0000  COMP,   0
2975 014670  1046          TAD     L46     /GET THE AC
2976 014671  4524          JMS I   MODE    /WHAT MODE IS IT
2977 014672  5277          JMP     FCOM    /ITS FLOATING POINT
2978 014673  4516          JMS I   PROP    /ITS INYTEGER
2979 014674  6135                  6135    /PUT OUT A CIA
2980 014675  4520          JMS I   PRINT   /PUT OUT A CRLF
2981 014676  5667          JMP I   COMP    /AND RETURN
2982 014677  4544  FCOM,   JMS I   FPROP
2983 014700  6140                  6140    /TO FLOATING CHANGE SIGN
2984 014701  5667          JMP I   COMP
2985               /       COME HERE IF OP IS *
2986 014702  4566  MUL,    JMS I   SMODE   /CHECK FOR SAME MODE
2987 014703  4565          JMS I   CHECK   /CHECK WHATS IN THE AC
2988 014704  5322          JMP     TMUL    /TWO IS IN THE AC
2989 014705  4543          JMS I   STORE   /SOMETHING IS IN AC...STORE IT
2990 014706  4725          JMS I   KADDON  /NOTHING IS IN AC..GET ONE IN AC
2991 014707  1443  AMUL,   TAD I   L43     /GET OPERND TWO
2992 014710  4524          JMS I   MODE    /WHAT MODE IS IT
2993 014711  1327          TAD     EM6
2994 014712  1330          TAD     C6022
2995 014713  3316          DCA     FML     /SAVE OPCODE
2996 014714  7001          IAC
2997 014715  4544          JMS I   FPROP   /PUT OUT A CALL TO A FLOATING POINT ROUTINE
2998 014716  0000  FML,            0
2999 014717  4570          JMS I   ARG     /PUT OUT THE ARG PSEUDO OP
3000 014720  1443          TAD I   L43     /GET OPERAND TWO
3001 014721  5726          JMP I   LIRET   /AND GO TO THE RETURN ROUTINE
3002 014722  1441  TMUL,   TAD I   L41     /GET OPERAND ONE AND REPLACE OPERAND TWO
3003 014723  3443          DCA I   L43
3004 014724  5307          JMP     AMUL    /AND JUMP BACK
3005 014725  5213  KADDON, ADDONE
3006 014726  4552  LIRET,  IRET
3007 014727  7772  EM6,    -6
3008 014730  6022  C6022,  6022
3009                      *5000
3010               /      THIS ROUTINE TAKES CARE OF TWO BEING DUMMY ARG
3011 015000  0000  DUMTWO, 0
3012 015001  1441          TAD I   L41     /GET OPND ONE
3013 015002  3255          DCA     FDV     /AND SAVE
3014 015003  1443          TAD I   L43     /GET OPND TWO
3015 015004  3441          DCA I   L41     /ZERO OPND ONE
3016 015005  4213          JMS     DUMONE  /PROCESS DUMMY ARGUMENT
3017 015006  1255          TAD     FDV     /GET SAVED OPERAND
3018 015007  3441          DCA I   L41     /AND USE AS OPERAND
3019 015010  1046          TAD     L46     /GET TRIPLE NUMBER
3020 015011  3443          DCA I   L43     /AND REPLACE
3021 015012  5600          JMP I   DUMTWO  /RETURN
3022               /       TAKES CARE OF ONE BIING DUMMY ARG
3023 015013  0000  DUMONE, 0
3024 015014  1442          TAD I   L42     /GET OPERATOR
3025 015015  3336          DCA     ASTOP   /AND SAVE
3026 015016  1361          TAD     E41     /GET ADD INDIRECT OPERATOR
3027 015017  3442          DCA I   L42     /AND REPLACE OPERATOR
3028 015020  6211          CDF 10
3029 015021  1537          TAD I   TRIPL
3030 015022  6201          CDF 00
3031 015023  3303          DCA     FEX     /AND SAVE RETURN
3032 015024  4537          JMS I   TRIPL   /CALL TRIPL
3033 015025  1046          TAD     L46     /GET TRIPLE NUMBER
3034 015026  3441          DCA I   L41     /AND REPLACE OPERAND
3035 015027  1336          TAD     ASTOP   /RESTORE OPERATOR
3036 015030  3442          DCA I   L42
3037 015031  2040          ISZ     L40     /ADVANCE TRIPLE
3038 015032  1303          TAD     FEX     /RESTORE RETURN
3039 015033  6211          CDF 10
3040 015034  3537          DCA I   TRIPL
3041 015035  6201          CDF 00
3042 015036  5613          JMP I   DUMONE  /RETURN
3043               /       COME HERE IF OP IS /
3044 015037  4566  DIV,    JMS I   SMODE   /CHECK FOR SAME MODE
3045 015040  4565          JMS I   CHECK   /CHECK WHATS IN THE AC
3046 015041  5246          JMP     DIVE    /TWO IS IN AC
3047 015042  4543          JMS I   STORE   /THERES SOMETHING IN THE AC...STORE IT
3048 015043  7410          SKP             /NOTHING IS IN AC
3049 015044  4543          JMS I   STORE   /THERES SOMETHING IN THE AC...STORE IT
3050 015045  4762          JMS I   MADDTW  /GET TWO INTO THE AC
3051 015046  1441  DIVE,   TAD I   L41     /GET OPERAND ONE
3052 015047  4524          JMS I   MODE    /WHAT MODE IS IT
3053 015050  1363          TAD     FM6
3054 015051  1364          TAD     C6025
3055 015052  3255          DCA     FDV     /SAVE OERATOR
3056 015053  7001          IAC
3057 015054  4544          JMS I   FPROP   /PUT OUT A CALL TO A FLOATING POINT ROUTINE
3058 015055  0000  FDV,            0
3059 015056  4570          JMS I   ARG     /PUT OUT THE ARG PSEUDO OP
3060 015057  1441          TAD I   L41     /GET OPERAND ONE
3061 015060  5765          JMP I   MIRET   /JUMP TO RETURN ROUTINE
3062               /       COME HERE IF OP IS **
3063 015061  4565  EXP,    JMS I   CHECK   /CHECK WHATS IN THE AC
3064 015062  5267          JMP     FEXP    /TWO IS IN AC
3065 015063  4543          JMS I   STORE   /THERES SOMETHING IN THE AC...STORE IT
3066 015064  7410          SKP             /NOW NOTHING IS IN AC
3067 015065  4543          JMS I   STORE   /THERES SOMETHING IN THE AC...STORE IT
3068 015066  4762          JMS I   MADDTW  /GET TWO IN AC
3069 015067  1441  FEXP,   TAD I   L41
3070 015070  4524          JMS I   MODE
3071 015071  1366          TAD     C6
3072 015072  3255          DCA     FDV
3073 015073  1443          TAD I   L43     /GET OPERAND TWO
3074 015074  4524          JMS I   MODE    /WHAT IS ITS    MODE
3075 015075  1152          TAD     C3      /FLOATING POINT
3076 015076  1367          TAD     C6207   /INTEGER
3077 015077  1255          TAD     FDV
3078 015100  3303          DCA     FEX     /SAVE REOUTINE POINTER
3079 015101  7001          IAC
3080 015102  4544          JMS I   FPROP   /PUT OUT A CALL TO A FLOATING POINT ROUTINE
3081 015103  0000  FEX,            0
3082 015104  1441          TAD I   L41     /GET OPERAND ONE
3083 015105  3443          DCA I   L43     /SAVE IN OPERAND TWO
3084 015106  1303          TAD     FEX     /GET THE OP CODE JUST PUT OUT
3085 015107  1373          TAD     CM6207  /SUBTRACT THE INTEGER TO INTEGER CASE
3086 015110  7640          SZA CLA         /WAS THIS THE INTEGER INTEGER CASE
3087 015111  1050          TAD     L50     /NO, GET A FLOATING POINT POINTER
3088 015112  3441          DCA I   L41     /AND SUBSTITUTE IT FOR OPERAND ONE
3089 015113  4570          JMS I   ARG     /PUT OUT THE PSEUDO OP ARG
3090 015114  1443          TAD I   L43     /GET THE REAL OPERAND ONE IN THE AC
3091 015115  5765          JMP I   MIRET   /JUMP TO THE RETURN ROUTINE
3092               /COMES HERE IF THE VARIABLE TO THE LEFT OF THE '=' IS SUBSCRIPTED
3093 015116  1374  EIND,   TAD     C132    /GET AN ASTERISK
3094 015117  3060          DCA     L60     /PUT IT IN SIXTY
3095               /COMES HERE IF THE OPERATOR IS AN '='
3096 015120  4565  EQU,    JMS I   CHECK   /CHECK WHATS IN THE AC
3097 015121  7000          NOP             /TWO IS IN THE AC
3098 015122  4543          JMS I   STORE   /THERES SOMETHING IN THE AC...STORE IT
3099 015123  4760          JMS I   TADDON  /NOTHING IS IN AC...ADD ONE TO IT
3100 015124  1443          TAD I   L43     /GET OPERA ND TWO
3101 015125  4524          JMS I   MODE    /WHAT IS ITS MODE
3102 015126  5346          JMP     FEQU    /ITS FLOATING POINT
3103 015127  1046          TAD     L46     /GET THE AC
3104 015130  4524          JMS I   MODE    /WHAT MODE IS IT
3105 015131  5770          JMP I   LFIX    /ITS FLOATING POINT
3106 015132  1060  EFIX,   TAD     L60     /GET EQUALS INDIRECT LOCATION
3107 015133  1371          TAD     C6071   /ADD A DCA
3108 015134  3336          DCA     ASTOP   /AND SAVE OPCODE
3109 015135  4516          JMS I   PROP    /POT OUT THE OPCODE
3110 015136  0003  ASTOP,          3
3111 015137  3046  EQRET,  DCA     L46     /ZERO THE AC
3112 015140  1443          TAD I   L43     /GET OPERAND TWO
3113 015141  4532          JMS I   PRSYM   /PRINT IT
3114 015142  4520          JMS I   PRINT   /PUT OUT A CRLF
3115 015143  3060          DCA     L60     /ZERO SIXTY
3116 015144  5745          JMP I   .+1     /AND RETURN
3117 015145  4320          ARET
3118 015146  1046  FEQU,   TAD     L46     /GET THE AC
3119 015147  4524          JMS I   MODE    /WHAT MODE IS IT
3120 015150  7410          SKP             /ITS FLOATING POINT
3121 015151  4772          JMS I   LFLOAT  /ITS INTEGER...FLOAT IT
3122 015152  5753          JMP I   .+1
3123 015153  5200          XXX
3124               
3125 015154  0000  LARG,   0
3126 015155  4516          JMS I   PROP
3127 015156  6201                  6201
3128 015157  5754          JMP I   LARG
3129               
3130 015160  5213  TADDON, ADDONE
3131 015161  0041  E41,    41
3132 015162  5254  MADDTW, ADDTWO
3133 015163  7772  FM6,    -6
3134 015164  6025  C6025,  6025
3135 015165  4552  MIRET,  IRET
3136 015166  0006  C6,     6
3137 015167  6207  C6207,  6207
3138 015170  5306  LFIX,   FIX
3139 015171  6071  C6071,  6071
3140 015172  5302  LFLOAT, FLOAT
3141 015173  1571  CM6207, -6207
3142 015174  0132  C132,   132
3143                      *5200
3144 015200  1060  XXX,    TAD     L60     /GET THE INDIRECT EQUALS SWITCH
3145 015201  7650          SNA CLA         /IS THE SWITCH ON
3146 015202  1341          TAD     CM140   /NO, FLOATING POINT STORE
3147 015203  1312          TAD     C6146   /YES...ISTO
3148 015204  3207          DCA     FSTOP   /SAVE OPCODE
3149 015205  7001          IAC             /WE ONLY HAVE ONE ARG
3150 015206  4544          JMS I   FPROP   /PUT OUT A CALL TO A FLOATING POINT ROUTINE
3151 015207  6146  FSTOP,          6146
3152 015210  4570          JMS I   ARG     /PUT OUT THE ARG PSEUDO OP
3153 015211  5612          JMP I   .+1     /JUMP BACK
3154 015212  5137          EQRET
3155               /       THIS ADDS OPERAND ONE TO THE AC
3156 015213  0000  ADDONE, 0
3157 015214  1441          TAD I   L41     /GET OPERAND ONE
3158 015215  4713          JMS I   LADDL   /PUT OUT OPCODES FOR AN ADD
3159 015216  1441          TAD I   L41     /GET FIRST OPERAND
3160 015217  4532          JMS I   PRSYM   /PUT OUT SYMBOL
3161 015220  4520          JMS I   PRINT   /PUT OUT CR LF
3162 015221  1441          TAD I   L41     /GET OPERAND ONE
3163 015222  3046          DCA     L46     /PUTN THE AC
3164 015223  5613          JMP I   ADDONE  /RETURN
3165 015224  4565  UMIN,   JMS I   CHECK   /CHECK WHATSN THE AC
3166 015225  7000          NOP                             /TWOSN AC
3167 015226  4543          JMS I   STORE   /THERES SOMETHINGN THE AC...STORET
3168 015227  4213          JMS     ADDONE  /NOTHINGSN AC NOW...PUT ONEN AC
3169 015230  4714          JMS I   MCOMP   /AND COMPLEMENTT
3170 015231  5274          JMP     RETURN  /AND RETURN
3171 015232  4566  AADD,   JMS I   SMODE
3172 015233  4565          JMS I   CHECK   /CHECK WHATSN THE AC
3173 015234  5241          JMP     AONE    /TWOSN AC
3174 015235  4543          JMS I   STORE   /THERES SOMETHINGN THE AC...STORET
3175 015236  4213          JMS     ADDONE  /GET ONEN AC
3176 015237  4254          JMS     ADDTWO  /ONESN AC
3177 015240  5274          JMP     RETURN  /RETURN
3178 015241  4213  AONE,   JMS     ADDONE  /ADD ONE TO TWO
3179 015242  5274          JMP     RETURN  /AND RETURN
3180 015243  0000  LPROP,  0
3181 015244  6211          CDF 10
3182 015245  1643          TAD I   LPROP
3183 015246  6201          CDF 00
3184 015247  4532          JMS I   PRSYM   /AND PRINT THE SYMBOL
3185 015250  1153          TAD     C40     /GET A SPACE
3186 015251  4520          JMS I   PRINT   /PUT OUT
3187 015252  2243          ISZ     LPROP   /INCREMENT RETURN
3188 015253  5643          JMP I   LPROP   /AND RETURN
3189               /       THIS ADDS OPERAND TWO TO THE AC
3190 015254  0000  ADDTWO, 0
3191 015255  1443          TAD I   L43     /GET OPERAND TWO
3192 015256  4713          JMS I   LADDL   /PUT OUT OPCODES FOR AN ADD
3193 015257  1443          TAD I   L43     /GET SECOND OPERAND
3194 015260  4532          JMS I   PRSYM   /PRINT THE SYMBOL
3195 015261  4520          JMS I   PRINT   /PUT OUT CR LF
3196 015262  1443          TAD I   L43     /GET OPERAND TWO
3197 015263  3046          DCA     L46     /AND PUTN AC
3198 015264  5654          JMP I   ADDTWO  /RETURN
3199 015265  0000  LXZQ,   0               /CHECK FOR EXPRESSION LEFT OF =
3200 015266  7200          CLA
3201 015267  1022          TAD     L22     /GET SUBSCRIPT NESTING DEPTH
3202 015270  1044          TAD     L44     /GET EQUALS SIGN SWITCH
3203 015271  7650          SNA CLA         /ARE THEY BOTH ZERO
3204 015272  4523  ERR42,  JMS I   LUNCH   /N      YES ...THATS AN ERROR
3205 015273  5665          JMP I   LXZQ    /RETURN
3206 015274  1441  RETURN, TAD I   L41     /THISS THE RETURN...GET OPERAND ONE
3207 015275  4524          JMS I   MODE    /WHAT MODEST
3208 015276  1315          TAD     G400    /ITS FLOATING POINT...TURN F.P. BIT ON
3209 015277  1040          TAD     L40     /ADD CURRENT TRIPLE NUMBER
3210 015300  3046          DCA     L46     /PUTN AC SW
3211 015301  5716          JMP I   NARET   /AND NOW RETURN FROM THE ROUTINE
3212 015302  0000  FLOAT,  0
3213 015303  4544          JMS I   FPROP   /PUT OUT A CAL TO THE FLOAT ROUTINE
3214 015304  6127                  6127
3215 015305  5702          JMP I   FLOAT   /AND RETURN
3216 015306  4544  FIX,    JMS I   FPROP   /PUT OUT A CAL
3217 015307  6143                  6143    /TO THE FIX ROUTINE
3218 015310  5711          JMP I   .+1     /AND JUMP BACKLADDL,    ADDL
3219 015311  5132          EFIX
3220 015312  6146  C6146,  6146
3221 015313  4621  LADDL,  ADDL
3222 015314  4667  MCOMP,  COMP
3223 015315  0400  G400,   400
3224 015316  4320  NARET,  ARET
3225 015317  0000  LSMODE, 0
3226 015320  1443          TAD I   L43     /GET FIRST OPERAND
3227 015321  4524          JMS I   MODE    /FIND WHAT ITS MODE IS
3228 015322  5327          JMP     IBM     /ITS FLOATING POINT
3229 015323  1441          TAD I   L41     /GET OPERAND TWO
3230 015324  4524          JMS I   MODE    /THIS BETTER BE INTEGER TOO
3231 015325  5332          JMP     .+5     /ITS NOT, LUNCH
3232 015326  5717          JMP I   LSMODE  /GREAT, RETURN
3233 015327  1441  IBM,    TAD I   L41     /GET OPERAND TWO
3234 015330  4524          JMS I   MODE    /THIS BETTER BE F.P. TOO
3235 015331  5717          JMP I   LSMODE  /IT IS RETURN
3236 015332  4523  ERR43,  JMS I   LUNCH   /ERROR
3237 015333  0000  LPUNCH, 0
3238 015334  6021          PSF             /IS PUNCH READY
3239 015335  5334          JMP     .-1     /NO, TRY AGAIN
3240 015336  6026          PLS             /YES, PUNCH THE CHARACTER
3241 015337  7200          CLA             /CLEAR THE ACCUMULATOR
3242 015340  5733          JMP I   LPUNCH  /AND RETURN
3243 015341  7640  CM140,  -140
3244               
3245 015342  0000  LFINI,  0               /FINAL CLEANUP AT END OF COMPILATION
3246 015343  4544          JMS I   FPROP   /PUNCH 'CALL 0,OPEN'
3247 015344  6231                  OPEN
3248 015345  4516          JMS I   PROP    /PUNCH A 'PAUSE'
3249 015346  6060                  6060
3250 015347  4520          JMS I   PRINT
3251 015350  4520          JMS I   PRINT   /FORCE LAST LINE OUT
3252 015351  1360          TAD     CM100
3253 015352  4761          JMS I   LEADR   /PUNCH SOME LEADER
3254 015353  6211          CDF     10
3255 015354  7402  XFINI,  HLT             /JMP I LFINI, FOR DISK SYSTEM ...
3256 015355  6202          CIF     0
3257 015356  5757          JMP I   D1000   /BEGIN NEXT COMPILATION
3258 015357  1000  D1000,  1000
3259 015360  7700  CM100,  -100
3260 015361  3150  LEADR,  LLEAD
3261               
3262 015362  4520  FORST,  JMS I   PRINT   /FORTRAN STARTING POINT
3263 015363  4777          JMS I   (LIST
3264 015364  3363          DCA     .-1
3265 015365  1376          TAD     (LPUNCH
3266 015366  3150          DCA     PUNCH
3267 015367  1160          TAD     CM50
3268 015370  4761          JMS I   LEADR
3269 015371  4516          JMS I   PROP
3270 015372  6242                  FORTR
3271 015373  4520          JMS I   PRINT
3272 015374  5177          JMP     START
3273               
3274 015376  5333  PAGE
     015377  0341  
3275                      *5400
3276 015400  1174  LLAST,  TAD     C4000   /END OF COMPILATION, SET CHK SO THAT
3277 015401  3111          DCA     CHK     /LGTC WILL NOT READ ANOTHER LINE...
3278 015402  4575          JMS I   GNB
3279 015403  7440          SZA
3280 015404  5514          JMP I   ASSIGN
3281 015405  4777          JMS I   (OSTOP  /PUNCH A 'HLT' ETC.
3282 015406  1055          TAD     L55
3283 015407  1351          TAD     C25
3284 015410  7640          SZA CLA         /IS DO LIST EMPTY?
3285 015411  4523  ERR44,  JMS I   LUNCH   /NO, COMPLAIN...
3286 015412  1056  MORDUM, TAD     L56     /GET POINTER INTO SYMBOL TABLE
3287 015413  1151          TAD     C2      /ADD TWO TO IT FOR CONTROL BITS
3288 015414  3072          DCA     L72     /SAVE ADDRESS OF CONTROL BITS
3289 015415  1472          TAD I   L72     /GET THE CONTROL BITS
3290 015416  0356          AND     E10     /MASK ALL BUT THE DUMMY ARG BIT
3291 015417  7650          SNA CLA         /IS THE DUMMY ARG BIT ON
3292 015420  5233          JMP     LEDOUT  /NO, PUT OUT DUMMY SUBSCRIPT DEFNS
3293 015421  4754          JMS I   DEFN    /YES, PUT OUT THE VARIABLE NAME
3294 015422  4516          JMS I   PROP    /PUT OUT THE OP CODE
3295 015423  6154          6154            /WHICH IS BSS
3296 015424  1151          TAD     C2      /RESERVE TWO LOCATIONS
3297 015425  4534          JMS I   PROTAC  /PRINT THE TWO
3298 015426  4520          JMS I   PRINT
3299 015427  2056          ISZ     L56     /ADVANCE THE POINTER
3300 015430  2056          ISZ     L56
3301 015431  2056          ISZ     L56
3302 015432  5212          JMP     MORDUM  /GO BACK AND DO THE NEXT ONE
3303 015433  3072  LEDOUT, DCA     L72     /ZERO LOCATION 72
3304 015434  1025  LEDOT1, TAD     L25     /GET THE NUMBER OF SUBSCRIPT TEMPS
3305 015435  7040          CMA
3306 015436  1072          TAD     L72     /SUBTRACT FROM THE NUMBER WEVE DEFINED
3307 015437  7650          SNA CLA         /HAVE WE DEFINED THEM ALL YET
3308 015440  5255          JMP     GOOON   /YES, NOW PUT OUT THE END
3309 015441  1353          TAD     K5200   /GET SUBSCRIPT DESIGNATOR
3310 015442  1072          TAD     L72     /GET WHICH SUBSCRIPT
3311 015443  4532          JMS I   PRSYM   /AND PRINT IT
3312 015444  1154          TAD     C7240   /GET THE TERMINATOR
3313 015445  4521          JMS I   P2      /PRINT IT
3314 015446  4516          JMS I   PROP    /PRINT THE OP CODE
3315 015447  6154          6154            /WHICH IS BSS
3316 015450  1151          TAD     C2      /RESERVE TWO LOCATIONS
3317 015451  4534          JMS I   PROTAC
3318 015452  4520          JMS I   PRINT   /CRLF
3319 015453  2072          ISZ     L72     /GO ON TO THE NEXT ONE
3320 015454  5234          JMP     LEDOT1
3321 015455  4516  GOOON,  JMS I   PROP
3322 015456  6157                  6157    /PUT OUT AN END
3323 015457  4520          JMS I   PRINT   /PUT OUT A CRLF
3324 015460  3065          DCA     L65     /ZERO THE PSEUDO LOCATION COUNTER
3325 015461  1177          TAD     START   /CLA = -600
3326 015462  4760          JMS I   LEAD    /PUT OUT LOTS OF LEADER CODE
3327 015463  4516          JMS I   PROP
3328 015464  6162                  6162    /PUT OUT A LAP
3329 015465  4520          JMS I   PRINT
3330 015466  1057  SYM,    TAD     L57
3331 015467  7041          CIA
3332 015470  1056          TAD     L56
3333 015471  7640          SZA CLA         /ARE THERE ANY SYMBOLS
3334 015472  5300          JMP     SYM1
3335 015473  1104          TAD     MIKE8
3336 015474  7640          SZA CLA         /NO, IS THERE ANY EQUIVALENCING?
3337 015475  5757          JMP I   LPTEMP
3338 015476  5677          JMP I   .+1
3339 015477  5666          PTEMP
3340 015500  1056  SYM1,   TAD     L56
3341 015501  1151          TAD     C2
3342 015502  3072          DCA     L72
3343 015503  1472          TAD I   L72     /GET THE CONTROL BITS
3344 015504  3072          DCA     L72     /SAVE THEN
3345 015505  1072          TAD     L72     /GET THE BITS
3346 015506  0352          AND     E7      /MASK
3347 015507  7640          SZA CLA         /ARE THEY FUNCT NAME,
3348 015510  5343          JMP     UP      /YES
3349 015511  4754          JMS I   DEFN    /PUT IT OUT
3350 015512  1072          TAD     L72
3351 015513  0355          AND     E20     /MASK ALL BUT THE DIMEN 
3352 015514  7650          SNA CLA         /IS EITHER ONE ON
3353 015515  5347          JMP     NORM    /NO
3354 015516  1056          TAD     L56
3355 015517  4547          JMS I   DIM
3356 015520  3026          DCA     L26
3357 015521  1414          TAD I   L14     /GET THE SECOND DIMENSION
3358 015522  7041          CIA             /AND NEGATE
3359 015523  3073          DCA     L73     /SAVE
3360 015524  1026          TAD     L26
3361 015525  2073          ISZ     L73
3362 015526  5324          JMP     .-2
3363 015527  3026  ACK,    DCA     L26
3364 015530  1056          TAD     L56
3365 015531  4524          JMS I   MODE    /DETERMINE MODE OF SYMBOL
3366 015532  1026          TAD     L26
3367 015533  7104          RAL CLL
3368 015534  1026          TAD     L26
3369 015535  3026          DCA     L26
3370 015536  1072          TAD     L72
3371 015537  0153          AND     C40
3372 015540  7640          SZA CLA
3373 015541  5361          JMP     COM
3374 015542  4567          JMS I   BSS
3375 015543  2056  UP,     ISZ     L56
3376 015544  2056          ISZ     L56
3377 015545  2056          ISZ     L56
3378 015546  5266          JMP     SYM
3379 015547  7001  NORM,   IAC
3380 015550  5327          JMP     ACK
3381 015551  0025  C25,    25
3382 015552  0007  E7,     7
3383 015553  5200  K5200,  5200
3384 015554  5636  DEFN,   LDEFN
3385 015555  0020  E20,    20
3386 015556  0010  E10,    10
3387 015557  7376  LPTEMP, EEK
3388 015560  3150  LEAD,   LLEAD
3389 015561  4516  COM,    JMS I   PROP
3390 015562  6165                  6165
3391 015563  1026          TAD     L26
3392 015564  4534          JMS I   PROTAC
3393 015565  4520          JMS I   PRINT
3394 015566  5343          JMP     UP
3395               
3396 015567  0000  LCLEAR, 0               /CLEAR THE PSEUDO ACC AND MQ
3397 015570  3030          DCA     L30
3398 015571  3031          DCA     L31
3399 015572  3032          DCA     L32
3400 015573  3033          DCA     L33
3401 015574  3034          DCA     L34
3402 015575  3035          DCA     L35
3403 015576  5767          JMP I   LCLEAR
3404 015577  4052         *5600
3405 015600  7600  C7600,  7600
3406 015601  0177  C177,   177
3407 015602  0000  LBSS,   0
3408 015603  1065          TAD     L65     /GET THE LOCATION COUNTER
3409 015604  1026          TAD     L26     /ADD THE CURRENT AMOUNT TO IT
3410 015605  0200          AND     C7600   /MASK ALL BUT THE PAGE BITS
3411 015606  3064          DCA     L64     /SAVE THE NUMBER OF PAGES
3412 015607  1065          TAD     L65     /GET THE LOCATION COUNTER AGAIN
3413 015610  1026          TAD     L26     /ADD THE CURRENT DISPLACEMENT AGAIN
3414 015611  0201          AND     C177    /NOW GET THE NUMBER OF LOCATIONS OVER A PAGE
3415 015612  3065          DCA     L65     /AND SAVE
3416 015613  1064  L,      TAD     L64     /GET THE NUMBER OF PAGES TO BE RESERVED
3417 015614  7450          SNA             /ARE THERE ANY TO BE RESERVED
3418 015615  5230          JMP     CRAM    /NO...JUST PUT OUT STRAIGHT NUMBER OF LOCATIONS
3419 015616  1200          TAD     C7600   /YES...SUBTRACT ONE FROM THE PAGE COUNT
3420 015617  3064          DCA     L64     /AND SAVE IT
3421 015620  1065          TAD     L65     /GET THE NUMBER OF EXTRA LOCATIONS
3422 015621  3026          DCA     L26     /AND PUT IN THE DISPLACEMENT LOCATION
3423 015622  4534          JMS I   PROTAC  /PUT OUT A ZERO
3424 015623  4520          JMS I   PRINT   /PUT OUT A CRLF
3425 015624  4516          JMS I   PROP    /PUT OUT THE OPCODE
3426 015625  6151                  6151    /WHICH IS THE PAGE PSEUDO OP
3427 015626  4520          JMS I   PRINT   /PUT OUT A CRLF
3428 015627  5213          JMP     L       /NOW SEE IF WE HAVE PUT OUT ENOUGH PAGES
3429 015630  4516  CRAM,   JMS I   PROP    /NOW PUNCH 'BLOCK <N>'
3430 015631  6154                  BLCK
3431 015632  1026          TAD     L26
3432 015633  4534          JMS I   PROTAC
3433 015634  4520          JMS I   PRINT
3434 015635  5602          JMP I   LBSS
3435 015636  0000  LDEFN,  0
3436 015637  1056          TAD     L56     /GET THE POINTER TO THE SYMBOL
3437 015640  4532          JMS I   PRSYM   /PRINT THE SYMBOL
3438 015641  1154          TAD     C7240   /GET THE TERMINATOR
3439 015642  4521          JMS I   P2      /PRINT IT
3440 015643  5636          JMP I   LDEFN   /AND RETURN
3441 015644  1047  AFCON,  TAD     L47     /GET START OF FCON TABLE
3442 015645  1152          TAD     C3      /UPDATE IT
3443 015646  3056          DCA     L56     /SAVE UPDATED ADDRESS
3444 015647  1050  FLOOP,  TAD     L50     /GET END OF FCON TABLE
3445 015650  7041          CIA
3446 015651  1056          TAD     L56     /SUBTRACT FROM CURRENT POINTER
3447 015652  7650          SNA CLA         /ARE WE DONE
3448 015653  5322          JMP     ALTHRU  /YES
3449 015654  1164          TAD     CM3     /NO, GET MINUS THREE
3450 015655  3063          DCA     L63     /TO USE AS A COUNTER
3451 015656  4236          JMS     LDEFN   /DEFINE IT
3452 015657  1456          TAD I   L56     /GET THE FIRST WORD
3453 015660  2056          ISZ     L56     /ADVANCE THE POINTER TO THE NEXT WORD
3454 015661  4534          JMS I   PROTAC  /PRINT THE WORD
3455 015662  4520          JMS I   PRINT   /PUT OUT A CRLF
3456 015663  2063          ISZ     L63     /HAVE WE PUT OUT ALL THREE WORDS
3457 015664  5257          JMP     .-5     /NO...PUT OUT ANOTHER
3458 015665  5247          JMP     FLOOP   /YES...GET THE NEXT CONSTANT
3459 015666  1373  PTEMP,  TAD     K561
3460 015667  3056          DCA     L56
3461 015670  1045  FTLOOP, TAD     L45
3462 015671  7040          CMA
3463 015672  1056          TAD     L56
3464 015673  7650          SNA CLA
3465 015674  5304          JMP     ITEMP
3466 015675  1152          TAD     C3
3467 015676  3026          DCA     L26
3468 015677  1371          TAD     K5400   /GET F.P. DESIGNATOR
3469 015700  4236          JMS     LDEFN   /PRINT THE SYMBOL
3470 015701  4567          JMS I   BSS     /RESERVE THE LOCATIONS FOR IT
3471 015702  2056          ISZ     L56     /INCREMENT THE POINTER
3472 015703  5270          JMP     FTLOOP
3473 015704  1372  ITEMP,  TAD     K531
3474 015705  3056          DCA     L56
3475 015706  1051  ILOOP,  TAD     L51
3476 015707  7040          CMA
3477 015710  1056          TAD     L56
3478 015711  7650          SNA CLA
3479 015712  5352          JMP     SUBOUT
3480 015713  7001          IAC
3481 015714  3026          DCA     L26
3482 015715  1370          TAD     K5000   /GET THE INTEGER TEMP DESIGNATOR
3483 015716  4236          JMS     LDEFN   /PRINT IT
3484 015717  4567          JMS I   BSS     /RESERVE LOCATIONS FOR IT
3485 015720  2056          ISZ     L56     /INCREMENT THE POINTER
3486 015721  5306          JMP     ILOOP
3487 015722  1376  ALTHRU, TAD     D6      /PUNCH AN 'IFF 6'
3488 015723  4536          JMS I   PIFF    /SO THAT ENTRY WILL NOT BE AT END OF THE PAGE
3489 015724  4516          JMS I   PROP
3490 015725  6055                  6055    /PUT OUT AN EAP
3491 015726  4520          JMS I   PRINT
3492 015727  1070          TAD     L70     /GET THE SUBROUTINE FUNCTION POINTER
3493 015730  7640          SZA CLA         /IS IT ZERO
3494 015731  5346          JMP     THRU    /NO...WE MUST BE IN A SUBR OR A FUNC
3495 015732  4516          JMS I   PROP    /YES ...WERE IN A MAIN PROGRAM
3496 015733  6052                  6052    /PUT OUT ENT
3497 015734  1351          TAD     C6000   /POINTER TO THE SYMBOL MAIN
3498 015735  4532          JMS I   PRSYM   /PRINT THE SYMBOL
3499 015736  4520          JMS I   PRINT   /PUT OUT A CRLF
3500 015737  1351          TAD     C6000   /GET THE POINTER TO MAIN AGAIN
3501 015740  4532          JMS I   PRSYM   /PRINT  IT
3502 015741  1154          TAD     C7240   /GET A COLON
3503 015742  4521          JMS I   P2      /PRINT THEM
3504 015743  4516          JMS I   PROP
3505 015744  6047                  6047
3506 015745  4520          JMS I   PRINT   /PUT OUT A CRLF
3507 015746  4775  THRU,   JMS I   FINI
3508 015747  6201          6201            /CDF FIELD 0
3509 015750  5600          JMP I   C7600   /AND RETURN TO THE MONITOR ...
3510 015751  6000  C6000,  6000
3511 015752  3056  SUBOUT, DCA     L56
3512 015753  1025  SUBOT1, TAD     L25
3513 015754  7040          CMA
3514 015755  1056          TAD     L56
3515 015756  7650          SNA CLA
3516 015757  5244          JMP     AFCON
3517 015760  4516          JMS I   PROP    /PUT OUT THE OP CODE
3518 015761  6176          6176            /WHICH IS DUMMY
3519 015762  1374          TAD     X5200   /GET SUBSCRIPT DESIGNATOR
3520 015763  1056          TAD     L56     /GET THE POINTER 
3521 015764  4532          JMS I   PRSYM   /PRINT THE SYMBOL
3522 015765  4520          JMS I   PRINT   /CRLF
3523 015766  2056          ISZ     L56
3524 015767  5353          JMP     SUBOT1
3525 015770  4070  K5000,  5000-ITTAB
3526 015771  4440  K5400,  5400-FTTAB
3527 015772  0711  K531,   ITTAB+1
3528 015773  0741  K561,   FTTAB+1
3529 015774  5200  X5200,  5200
3530 015775  5342  FINI,   LFINI
3531 015776  0006  D6,     6
3532                      *6000
3533               /FUNCTION AND SUBROUTINE STATEMENT PROCESSOR
3534 016000  4525  LFUNC,  JMS I   LOOK    /CHECK REST OF STATEMENT
3535 016001  7774  MFOUR,          -4      /
3536 016002  7754                  -24     /T
3537 016003  7767                  -11     /I
3538 016004  7761                  -17     /O
3539 016005  7762                  -16     /N
3540 016006  7201          CLA IAC         /SET SWITCH
3541 016007  5220          JMP     TART
3542 016010  4525  LSUB,   JMS I   LOOK    /CHECK REST OF STATEMENT
3543 016011  7772                  -6      /
3544 016012  7761                  -17     /O
3545 016013  7753                  -25     /U
3546 016014  7754                  -24     /T
3547 016015  7767                  -11     /I
3548 016016  7762                  -16     /N
3549 016017  7773                  -5      /E
3550 016020  3067  TART,   DCA     L67     /THIS IS THE SWITCH
3551 016021  4350          JMS     SUBB
3552 016022  7240          CLA CMA
3553 016023  1360          TAD     C6275   /THIS IS THE PLACE TO STORE FUNCTION NAME
3554 016024  3011          DCA     L11     /USE AUTO INDEXING TO STORE THE NAME
3555 016025  1030          TAD     L30     /GET THE FIRST WORD
3556 016026  3411          DCA I   L11     /PUT IT IN THE SYMBOL TABLE
3557 016027  1031          TAD     L31     /GET THE SECOND WORD
3558 016030  3411          DCA I   L11     /PUT IT IN THE TABLE
3559 016031  1032          TAD     L32     /GET THE THIRD WORD
3560 016032  7001          IAC             /TURN THE EXTERNAL SYMBOL BIT ON
3561 016033  3411          DCA I   L11     /AND PUT IT IN THE TABLE
3562 016034  1360          TAD     C6275   /GET THE POINTER
3563 016035  3070          DCA     L70     /AND PUT IT IN LOC 70
3564 016036  4516          JMS I   PROP
3565 016037  6052                  6052    /PUT OUT AN ENT
3566 016040  1070          TAD     L70     /GET THE SUBROUTINE NAME
3567 016041  4532          JMS I   PRSYM   /PRINT IT
3568 016042  4520          JMS I   PRINT   /PUT OUT A CRLF
3569 016043  7240          CLA CMA
3570 016044  3347          DCA     READY   /SET SWITCH
3571 016045  1070          TAD     L70     /GET THE SUB NAME
3572 016046  4532          JMS I   PRSYM   /PUT IT OUT
3573 016047  1154          TAD     C7240
3574 016050  4521          JMS I   P2      /PUT IT OUT
3575 016051  4516          JMS I   PROP    /PUT OUT THE OP CODE 'BLOCK 2'
3576 016052  6154                  BLCK
3577 016053  1151          TAD     C2
3578 016054  4534          JMS I   PROTAC
3579 016055  4520          JMS I   PRINT
3580 016056  3357          DCA     WHICH   /ZERO THE SWITCH WHICH TELLS WHICH WORD
3581 016057  4575  MORE,   JMS I   GNB
3582 016060  7450          SNA             /CHECK FOR END OF CARD
3583 016061  5361          JMP     CKCR
3584 016062  1160          TAD     CM50    /CHECK FOR LEFT PAREN
3585 016063  7450          SNA             /IS IT A LPAR
3586 016064  5274          JMP     GET1    /YES
3587 016065  1201          TAD     MFOUR
3588 016066  7450          SNA             /IS IT A COMMA
3589 016067  5276          JMP     XGET    /YES
3590 016070  1152          TAD     C3
3591 016071  7650          SNA CLA         /IS IT A LPAR
3592 016072  5177          JMP     START   /YES
3593 016073  5362          JMP     ERR48   /NO
3594 016074  2347  GET1,   ISZ     READY   /WERE WE READY FOR LPAR
3595 016075  5362          JMP     ERR48   /NO, ERROR ...
3596 016076  4350  XGET,   JMS     SUBB
3597 016077  1032          TAD     L32
3598 016100  1355          TAD     TEN
3599 016101  3032          DCA     L32
3600 016102  1155          TAD     C77     /GET MASK FOR SYMBOL TABLE
3601 016103  3021          DCA     L21     /AND PUT INTO THE SWITCH
3602 016104  4530          JMS I   SYMTAB  /AND PUT IN SYMBOL TABLE
3603 016105  4516          JMS I   PROP
3604 016106  6176                  DUMMY
3605 016107  1077          TAD     L77
3606 016110  4532          JMS I   PRSYM
3607 016111  4520          JMS I   PRINT
3608 016112  4516  DLOOP,  JMS I   PROP
3609 016113  6063                  6063    /PUT OUT A TAD*
3610 016114  1070          TAD     L70     /GET THE FUNCTION NAME
3611 016115  4532          JMS I   PRSYM   /AND PRINT IT
3612 016116  4520          JMS I   PRINT   /PUT OUT A CRLF
3613 016117  4516          JMS I   PROP
3614 016120  6071                  6071    /PUT OUT A DCA
3615 016121  1077          TAD     L77     /GET ADDRESS OF SYMBOL
3616 016122  4532          JMS I   PRSYM   /PRINT IT
3617 016123  1357          TAD     WHICH   /GET THE WHICH SWITCH
3618 016124  7010          RAR             /GET THE LOW BIT INTO THE LINK
3619 016125  7620          SNL CLA         /IS THE WHICH SWITCH BIT SWITCHED
3620 016126  5331          JMP     NEXT    /NO...THAT MEANS WERE ON THE FIRST WORD
3621 016127  1354          TAD     E43     /YES...WERE ON SECOND WORD...GET A "#"
3622 016130  4520          JMS I   PRINT   /PRINT IT
3623 016131  4520  NEXT,   JMS I   PRINT
3624 016132  4516          JMS I   PROP    /PUT OUT AN INC (ISZ WHICH DOES NOT SKIP)
3625 016133  6237                  6237
3626 016134  1070          TAD     L70     /GET THE FUNCTION NAME
3627 016135  4532          JMS I   PRSYM   /AND PRINT IT
3628 016136  1354          TAD     E43
3629 016137  4520          JMS I   PRINT
3630 016140  4520          JMS I   PRINT   /PUT OUT A CRLF
3631 016141  2357          ISZ     WHICH   /INCREMENT THE SHICH SWITCH
3632 016142  1357          TAD     WHICH   /GET THE SWITCH
3633 016143  7010          RAR             /GET LOW BIT IN THE LINK
3634 016144  7630          SZL CLA         /IS THE LOW BIT ON
3635 016145  5312          JMP     DLOOP   /YES...WORK ON THE SECOND WORD
3636 016146  5257          JMP     MORE    /GO GET SOME MORE
3637 016147  0000  READY,  0
3638 016150  0000  SUBB,   0
3639 016151  4527          JMS I   ENTITY
3640 016152  7410          SKP
3641 016153  5750          JMP I   SUBB
3642 016154  0043  E43,    43
3643 016155  0010  TEN,    10
3644 016156  5362          JMP     ERR48
3645 016157  0000  WHICH,  0
3646 016160  6275  C6275,  6275            /SUBROUTINE OR FUNCTION NAME POINTER
3647 016161  2347  CKCR,   ISZ     READY
3648 016162  4523  ERR48,  JMS I   LUNCH
3649 016163  5177          JMP     START
3650               
3651 016164  7240  IOEQL,  CLA CMA         /ROUTINE TO TERMINATE IMPLIED DO LOOPS
3652 016165  1112          TAD     IMPDO
3653 016166  3112          DCA     IMPDO   /REDUCE THE DEPTH BY 1
3654 016167  4776          JMS I   DONEXT  /GENERATE END-OF-LOOP CODE
3655 016170  4575          JMS I   GNB
3656 016171  1161          TAD     CM51
3657 016172  7640          SZA CLA         /SKIP TO A RIGHT PAREN
3658 016173  5370          JMP     .-3
3659 016174  5775          JMP I   .+1
3660 016175  6240          IOH0
3661 016176  0315  DONEXT, LDNEXT
3662                      *6200
3663 016200  4525  LWRIT,  JMS I   LOOK    /LOOK FOR REST OF STATEMENT
3664 016201  7777                  -1
3665 016202  7773                  -5
3666 016203  1152          TAD     C3
3667 016204  1376  LREAD,  TAD     C6030   /GET THE POINTER TO READ AND WRITE
3668 016205  3216          DCA     IOP     /USE AS A PARAMETER WITH FPROP
3669 016206  4575          JMS  I  GNB
3670 016207  1160          TAD     CM50
3671 016210  7640          SZA CLA         /IS THIS A LEFT PAREN?
3672 016211  5514          JMP I   ASSIGN
3673 016212  4355          JMS     SUBA
3674 016213  4526          JMS I   ZZZ
3675 016214  1151          TAD     C2
3676 016215  4544          JMS I   FPROP
3677 016216  0000  IOP,    0
3678 016217  4570          JMS I   ARG
3679 016220  1032          TAD     L32
3680 016221  4532          JMS I   PRSYM
3681 016222  4520          JMS I   PRINT
3682 016223  4570          JMS I   ARG
3683 016224  4575          JMS I   GNB
3684 016225  1162          TAD     CM54    /IS IT A COMMA
3685 016226  7640          SZA CLA
3686 016227  5236          JMP     ERR50   /NO, ERROR ...
3687 016230  4355          JMS     SUBA
3688 016231  1032          TAD     L32     /GET FORMAT
3689 016232  4535          JMS I   PLAB
3690 016233  4575          JMS I   GNB
3691 016234  1161          TAD     CM51    /CHECK FOR A RIGHT PAREN
3692 016235  7640          SZA CLA         /IS IT?
3693 016236  4523  ERR50,  JMS I   LUNCH
3694 016237  4520          JMS I   PRINT
3695 016240  4575  IOH0,   JMS I   GNB
3696 016241  7450          SNA
3697 016242  5346          JMP     IOH2
3698 016243  1162          TAD     CM54
3699 016244  7650          SNA CLA         /IS IT A COMMA
3700 016245  5342          JMP     IOH3    /YES ...
3701 016246  4515  IOH1,   JMS I   PUTCH   /NO...PUT IT BACK
3702 016247  4575          JMS I   GNB     /THIS STMT IS TRANSFERRED TO!
3703 016250  1160          TAD     CM50
3704 016251  7650          SNA CLA
3705 016252  5774          JMP I   IOPEN   /OPEN PAREN - MAY BE IMPLIED DO-LOOP
3706 016253  4515  IOH1BK, JMS I   PUTCH
3707 016254  3052          DCA     L52     /SET SWITCHES FOR GENER
3708 016255  3046          DCA     L46
3709 016256  2044          ISZ     L44
3710 016257  4540          JMS I   GENER   /START PROCESSING THE IO LIST
3711 016260  1041          TAD     L41
3712 016261  3042          DCA     L42
3713 016262  1053          TAD     L53
3714 016263  3073          DCA     L73     /SAVE CREATED LABEL LOC
3715 016264  3023          DCA     L23     /ZERO TEMPORARY FOR "DUMARG"
3716 016265  4541          JMS I   LCHNG   /TEST FOR 0 OR DUMMY ARG
3717 016266  3441          DCA I   L41
3718 016267  1023          TAD     L23     /GET TEMPORARY FROM "DUMARG"
3719 016270  7640          SZA CLA         /ZERO MEANS NON-VARIABLE NAME
3720 016271  1423          TAD I   L23     /NON-ZERO POINTS TO FLAG WORD OF VAR
3721 016272  0362          AND     Q20
3722 016273  7650          SNA CLA         /DO WE HAVE AN ARRAY NAME?
3723 016274  5325          JMP     NOSYMB  /NO
3724 016275  4516          JMS I   PROP
3725 016276  6245          OPCMA           /PUT OUT A "CMA" TO DISTINGUISH THIS CALL
3726 016277  4520          JMS I   PRINT   /FROM A REGULAR CALL TO "IOH"
3727 016300  1151          TAD     C2
3728 016301  4544          JMS I   FPROP
3729 016302  6036          6036            /OUTPUT A "CALL 2,IOH"
3730 016303  4570          JMS I   ARG
3731 016304  1023          TAD     L23
3732 016305  1163          TAD     CM2
3733 016306  4547          JMS I   DIM     /GET THE DIMENSIONS
3734 016307  3216          DCA     IOP
3735 016310  1414          TAD I   L14
3736 016311  7041          CIA
3737 016312  3044          DCA     L44
3738 016313  1023          TAD     L23
3739 016314  1163          TAD     CM2
3740 016315  4524          JMS I   MODE    /GET THE MODE OF THE ARRAY
3741 016316  1174          TAD     C4000   /FLOATING POINT - ADD 4000 TO AC
3742 016317  1216          TAD     IOP
3743 016320  2044          ISZ     L44
3744 016321  5317          JMP     .-2     /COMPUTE PRODUCT OF DIMENSIONS PLUS MODE BIT
3745 016322  4534          JMS I   PROTAC  /PRINT IT
3746 016323  4520          JMS I   PRINT
3747 016324  5333          JMP     IOHRSM  /GO PRINT ARRAY NAME
3748 016325  1046  NOSYMB, TAD     L46
3749 016326  7640          SZA CLA
3750 016327  4543          JMS I   STORE
3751 016330  7001          IAC             /THERE WILL BE ONE ARGUMENT
3752 016331  4544          JMS I   FPROP   /PUT OUT THE CALL TO IOH
3753 016332  6036                  6036
3754 016333  1073  IOHRSM, TAD     L73
3755 016334  3053          DCA     L53     /RESTORE CREATED LABEL LOC
3756 016335  1441          TAD I   L41
3757 016336  4775          JMS I   QSYMOT
3758 016337  1063          TAD     L63     /GET TERMINATING CHAR
3759 016340  7650          SNA CLA         /WAS IT A <CR>?
3760 016341  5346          JMP     IOH2    /YES
3761 016342  4575  IOH3,   JMS I   GNB     /GENTLY LOOK AHEAD ...
3762 016343  7650          SNA CLA         /DO WE HAVE A ',<CR>' ?
3763 016344  5177          JMP     START   /YES, DO NOT TERMINATE YET ...
3764 016345  5246          JMP     IOH1    /NO, PUSH IT BACK & PROCESS NEXT ITEM
3765 016346  7001  IOH2,   IAC             /THERE WILL BE ONE ARGUMENT
3766 016347  4544          JMS I   FPROP   /PUT OUT A CALL TO IOH
3767 016350  6036                  6036
3768 016351  4570          JMS I   ARG     /PUT OUT THE PSEUDO OP ARG
3769 016352  4534          JMS I   PROTAC
3770 016353  4520          JMS I   PRINT
3771 016354  5177          JMP     START
3772 016355  0000  SUBA,   0
3773 016356  4527          JMS I   ENTITY
3774 016357  5363          JMP ERR51       /ITS A CR
3775 016360  5364          JMP ERR51+1     /ITS A VARIABLE
3776 016361  5755          JMP I   SUBA
3777 016362  0020  Q20,    20
3778 016363  4523  ERR51,  JMS I   LUNCH
3779 016364  3021          DCA     L21     /ZERO THE SYMBOL TABLE SWITCH
3780 016365  4530          JMS I   SYMTAB
3781 016366  1077          TAD     L77
3782 016367  4524          JMS I   MODE
3783 016370  5363          JMP     ERR51
3784 016371  1077          TAD     L77
3785 016372  3032          DCA     L32
3786 016373  5755          JMP I   SUBA
3787 016374  7122  IOPEN,  IOOPEN
3788 016375  6672  QSYMOT, SYMOUT
3789 016376  6030  C6030,  6030
3790                              *6400
3791 016400  4525  LRET,   JMS I   LOOK    /CHECK REST OF STATEMENT
3792 016401  7776                  -2
3793 016402  7756                  -22
3794 016403  7762                  -16
3795 016404  4526          JMS I   ZZZ
3796 016405  1070          TAD     L70
3797 016406  7650          SNA CLA         /ARE WE COMPILING MAIN PROGRAM?
3798 016407  4523  ERR60,  JMS I   LUNCH   /YES
3799 016410  1067          TAD     L67
3800 016411  7650          SNA CLA
3801 016412  5232          JMP     INT     /ITS A SUBROUTINE
3802 016413  1070          TAD     L70     /GET HE NAME OF THE FUNCTION
3803 016414  4524          JMS I   MODE    /IS IT FP OR INTEGER
3804 016415  5221          JMP     .+4     /ITS FP
3805 016416  4516          JMS I   PROP
3806 016417  6066                  6066    /OPCODE IS TAD
3807 016420  5225          JMP     .+5     /PUT OUT THE SYMBOL
3808 016421  7001          IAC             /THERE IS ONE ARGUMENT
3809 016422  4544          JMS I   FPROP
3810 016423  6003                  6003
3811 016424  4570          JMS I   ARG
3812 016425  1360          TAD     F34     /GET A BACK SLASH
3813 016426  4520          JMS I   PRINT
3814 016427  1070          TAD     L70     /GET THE NAME OF THE FUNCTION
3815 016430  4532          JMS I   PRSYM   /PRINT THE NAME
3816 016431  4520          JMS I   PRINT   /PUT OUT A CRLF
3817 016432  4516  INT,    JMS I   PROP
3818 016433  6077                  6077    /OPCODE IS RTN
3819 016434  1070          TAD     L70     /GET THE FUNCTION NAME
3820 016435  4532          JMS I   PRSYM   /PRINT IT
3821 016436  4520          JMS I   PRINT   /PUT OUT A CRLF
3822 016437  5177          JMP     START   /WERE DONE
3823               
3824 016440  0000  LGETHI, 0               /PUNCH 'TAD ACH'
3825 016441  4516          JMS I   PROP
3826 016442  6066                  6066
3827 016443  4516          JMS I   PROP    /PRINT THE OP CODE
3828 016444  6226          6226            /WHICH IS ACH (HIGH ORDER AC)
3829 016445  4520          JMS I   PRINT
3830 016446  4544          JMS I   FPROP   /PUNCH 'CALL 0,CLEAR'
3831 016447  6204                  6204
3832 016450  5640          JMP I   LGETHI
3833 016451  0000  LDIM,   0               /GETS THE 1ST DIMENSION OF THIS VARIABLE
3834 016452  3240          DCA     LGETHI  /SYMBOL TABLE ADDRESS IS IN THE AC
3835 016453  7040          CMA
3836 016454  1050          TAD     L50
3837 016455  3014          DCA     L14
3838 016456  1414  LK,     TAD I   L14     /SEARCH THE DIMENSION TABLE
3839 016457  7041          CIA
3840 016460  1240          TAD     LGETHI
3841 016461  7650          SNA CLA
3842 016462  5266          JMP     .+4
3843 016463  2014          ISZ     L14
3844 016464  2014          ISZ     L14
3845 016465  5256          JMP     LK
3846 016466  1414          TAD I   L14     /EXIT WITH DIMENSION IN THE AC
3847 016467  5651          JMP I   LDIM
3848               /       THIS PROCESSES SUBSCRIPTS
3849 016470  5761  SUBRET, JMP I   LSUBSC  /RETURN FROM SUBSC
3850 016471  0000  LSBTEM, 0               /THIS ROUTINE MAKES AN ENTRY
3851 016472  3357          DCA     TRIP    /IN SUBSCRIPT TEMPORARY TABLE
3852 016473  1354          TAD     FBASE
3853 016474  3355          DCA     POINT
3854 016475  1156          TAD     CM40
3855 016476  3356          DCA     PCTR
3856 016477  1755  LOOP,   TAD I   POINT   /LOOK FOR CURRENT TRIPLE NR
3857 016500  7450          SNA             /OR END OF TABLE...
3858 016501  5312          JMP     YES
3859 016502  7041          CIA
3860 016503  1357          TAD     TRIP
3861 016504  7650          SNA CLA
3862 016505  5314          JMP     GOT
3863 016506  2355          ISZ     POINT
3864 016507  2356          ISZ     PCTR
3865 016510  5277          JMP     LOOP
3866 016511  4523  ERR53,  JMS I   LUNCH
3867 016512  1357  YES,    TAD     TRIP
3868 016513  3755          DCA I   POINT
3869 016514  1354  GOT,    TAD     FBASE
3870 016515  7041          CIA
3871 016516  1355          TAD     POINT
3872 016517  3355          DCA     POINT
3873 016520  1355          TAD     POINT
3874 016521  7041          CIA
3875 016522  1025          TAD     L25
3876 016523  7710          SPA CLA         /IF TEMPORARY NR > L25
3877 016524  2025          ISZ     L25     /BUMP L25
3878 016525  1355          TAD     POINT
3879 016526  5671          JMP I   LSBTEM
3880 016527  0000  LWIPE,  0               /ZERO THE SUBSCRIPT TEMP. TABLE
3881 016530  1354          TAD     FBASE
3882 016531  3355          DCA     POINT
3883 016532  1156          TAD     CM40
3884 016533  3356          DCA     PCTR
3885 016534  3755  LOOP2,  DCA I   POINT
3886 016535  2355          ISZ     POINT
3887 016536  2356          ISZ     PCTR
3888 016537  5334          JMP     LOOP2
3889 016540  5727          JMP I   LWIPE
3890 016541  0000  LZER,   0
3891 016542  2341          ISZ     LZER    /INCREMANT
3892 016543  4534          JMS I   PROTAC  /PUT OUT A ZERO
3893 016544  5741          JMP I   LZER    /AND REUTURN
3894 016545  0000  LCLAB,  0
3895 016546  7450          SNA     /IF NO LABEL IN AC,
3896 016547  4533          JMS I   CREATE  /CREATE A LABEL
3897 016550  4517          JMS I   PRCRL   /AND PRINT IT
3898 016551  1154          TAD     C7240   /PUT OUT A COLON AND SPACE
3899 016552  4521          JMS I   P2
3900 016553  5745          JMP I   LCLAB   /RETURN
3901 016554  4600  FBASE,  4600
3902 016555  0000  POINT,  0
3903 016556  0000  PCTR,   0
3904 016557  0000  TRIP,   0
3905 016560  0034  F34,    34
3906 016561  0000  LSUBSC, 0
3907 016562  1046          TAD     L46
3908 016563  7440          SZA             /IS THERE ANYTHING IN THE AC?
3909 016564  7610  CHANGE, SKP CLA         /********************************
3910               /               TRY CHANGING THIS LOCATION TO A "JMS I MODE"
3911               /               TO LIMIT THE CHECK TO THE INTEGER AC!
3912               /               COULD SAVE UP TO 30% IN HEAVILY SUBSCRIPTED F.P.
3913               /               EXPRESSIONS! (IMPORTANT - TEST WITH F.P. SUBSCRIPTS)
3914 016565  7410          SKP             /NOTHING IN THE AC
3915 016566  4543          JMS I   STORE   /YES - STORE IT
3916 016567  7001          IAC
3917 016570  3063          DCA     L63
3918 016571  1053          TAD     L53
3919 016572  3073          DCA     L73
3920 016573  1041          TAD     L41
3921 016574  3042          DCA     L42
3922 016575  2041          ISZ     L41
3923 016576  1441          TAD I   L41
3924 016577  1157          TAD     CM4046
3925 016600  7650          SNA CLA         /WAS IT A PRIME
3926 016601  5211          JMP     BACK
3927 016602  4541          JMS I   LCHNG
3928 016603  3063          DCA     L63
3929 016604  2041          ISZ     L41
3930 016605  2041          ISZ     L41
3931 016606  2042          ISZ     L42
3932 016607  2042         ISZ     L42
3933 016610  7001          IAC
3934 016611  2041  BACK,   ISZ     L41
3935 016612  3272          DCA     SYMOUT
3936 016613  4353          JMS     CHNG
3937 016614  3065          DCA     L65
3938 016615  2042          ISZ     L42
3939 016616  2042          ISZ     L42
3940 016617  4353          JMS     CHNG
3941 016620  3313          DCA     LDUM    /SAVE ARRAY POINTER (OR 0 IF DUMMY)
3942 016621  1073          TAD     L73     /NOW RESTORE THE CREATED LABEL LOC
3943 016622  3053          DCA     L53
3944 016623  1272          TAD     SYMOUT
3945 016624  7650          SNA CLA         /HOW MANY SUBSCRIPTS?
3946 016625  5234          JMP     .+7     /ONE - SKIP OUTPUTTING "TAD"
3947 016626  4516          JMS I   PROP
3948 016627  6066                  6066
3949 016630  1441          TAD I   L41
3950 016631  4547          JMS I   DIM
3951 016632  4532          JMS I   PRSYM
3952 016633  4520          JMS I   PRINT
3953 016634  1441          TAD I   L41
3954 016635  4524          JMS I   MODE
3955 016636  5265          JMP     FP
3956 016637  1366  CASUB,  TAD     H200
3957 016640  1040          TAD     L40
3958 016641  3441          DCA I   L41     /STORE TRIPLE NUMBER WITH MODE BITS IN PD STACK
3959 016642  1272          TAD     SYMOUT  /GET NUMBER OF ARGUMENTS (2 OR 3)
3960 016643  1151          TAD     C2
3961 016644  4544          JMS I   FPROP   /PUT OUT A CALL TO THE SUBSCRIPTING ROUTINE
3962 016645  6173                  6173    /TO THE SUBSCRIPTING ROUTINE
3963 016646  1272          TAD     SYMOUT
3964 016647  7650          SNA CLA         /ONLY ONE ARG?
3965 016650  5253          JMP     .+3     /YES - DON'T OUTPUT FIRST SUBSCRIPT
3966 016651  1063          TAD     L63
3967 016652  4272          JMS     SYMOUT
3968 016653  1065          TAD     L65
3969 016654  4272          JMS     SYMOUT
3970 016655  1313          TAD     LDUM    /GET THE ARRAY NAME
3971 016656  4272          JMS     SYMOUT  /OUTPUT IT AS AN ARGUMENT
3972 016657  1441          TAD I   L41
3973 016660  4532          JMS I   PRSYM   /OUTPUT THE DESTINATION TEMPORARY
3974 016661  4520          JMS I   PRINT
3975 016662  1441          TAD I   L41
3976 016663  3012          DCA     L12     /MARK IT AS THE CONTENTS OF THE LAST LINE
3977 016664  5770          JMP I   FSUBSC  /RETURN
3978 016665  4516  FP,     JMS I   PROP
3979 016666  6245                  OPCMA                   /OPCODE IS CMA
3980 016667  4520          JMS I   PRINT
3981 016670  1365          TAD     H400    /SET MODE TO FLOATING POINT
3982 016671  5237          JMP     CASUB
3983 016672  0000  SYMOUT, 0
3984 016673  3353          DCA     CHNG
3985 016674  1353          TAD     CHNG
3986 016675  7650          SNA CLA
3987 016676  4542          JMS I   CLAB    /CREATE LABEL IF DUMMY ARG
3988 016677  4570          JMS I   ARG
3989 016700  1353          TAD     CHNG
3990 016701  7450          SNA             /IS IT ZERO
3991 016702  4545          JMS I   ZER     /YES PUT OUT A ZERO
3992 016703  4532          JMS I   PRSYM   /OTHERWISE PUT OUT SUBSCRIPT
3993 016704  4520          JMS I   PRINT   /PUT OUT A CRLF
3994 016705  5672          JMP I   SYMOUT
3995               
3996 016706  3024  LDSPCL, DCA     L24
3997 016707  4533          JMS I   CREATE
3998 016710  4517          JMS I   PRCRL   /CHANGE LAST LINE TO STORE IN NEW DESTINATION
3999 016711  3012          DCA     L12     /MARK LAST LINE USELESS FOR OPTOMIZATION
4000 016712  5351          JMP     LDMRET
4001 016713  0000  LDUM,   0
4002 016714  2313          ISZ     LDUM    /INCREMENT RETURN
4003 016715  1442          TAD I   L42     /GET THE THING WHICH IS DUMMY
4004 016716  7041          CIA
4005 016717  1012          TAD     L12     /DID WE JUST PUT THIS OUT AS A SUBSCRIPT
4006 016720  7650          SNA CLA         /DESTINATION??
4007 016721  5306          JMP     LDSPCL  /YES - SAVE OODLES OF CODE
4008 016722  4516          JMS I   PROP
4009 016723  6066                  6066    /PUT OUT A TAD
4010 016724  1442          TAD I   L42
4011 016725  4532          JMS I   PRSYM   /PUT IT OUT
4012 016726  4520          JMS I   PRINT   /PUT OUT A CRLF
4013 016727  4516          JMS I   PROP
4014 016730  6071                  6071    /PUT OUT A DCA
4015 016731  4533          JMS I   CREATE  /CREATE A LABEL
4016 016732  4517          JMS I   PRCRL   /AND PRINT IT
4017 016733  4520          JMS I   PRINT   /PUT OUT A CRLF
4018 016734  4516          JMS I   PROP
4019 016735  6066                  6066
4020 016736  1442          TAD I   L42
4021 016737  4532          JMS I   PRSYM
4022 016740  1367          TAD     H43
4023 016741  4520          JMS I   PRINT
4024 016742  4520          JMS I   PRINT
4025 016743  4516          JMS I   PROP
4026 016744  6071                  6071
4027 016745  1053          TAD     L53
4028 016746  4517          JMS I   PRCRL
4029 016747  1367          TAD     H43
4030 016750  4520          JMS I   PRINT
4031 016751  4520  LDMRET, JMS I   PRINT
4032 016752  5713          JMP I   LDUM    /RETURN
4033 016753  0000  CHNG,   0
4034 016754  1442          TAD I   L42     /NO...THERES TWO SUBSCRIPTS
4035 016755  7450          SNA
4036 016756  1371          TAD     H6041
4037 016757  3442          DCA I   L42
4038 016760  1442          TAD I   L42
4039 016761  4531          JMS I   DUMARG  /SEE IF SECOND SUBSC IS A DUMMY ARG
4040 016762  4546          JMS I   DUM     /YES IT IS A DUMMY ARG
4041 016763  1442          TAD I   L42     /GET THE SECOND SUBSC
4042 016764  5753          JMP I   CHNG
4043               
4044 016765  0400  H400,   400
4045 016766  0200  H200,   200
4046 016767  0043  H43,    43
4047 016770  6470  FSUBSC, SUBRET
4048 016771  6041  H6041,  6041
4049                      *7000
4050 017000  0000  IOHTMP,MCHAR,   0
4051 017001  0000  NPOINT,LLUNCH,  0
4052 017002  7200          CLA
4053 017003  3075          DCA     L75
4054 017004  3024          DCA     L24     /ZERO "BUFFER WAITING TO PRINT" FLAG
4055 017005  3112          DCA     IMPDO   /ZERO IMPLIED DO LOOP FLAG
4056 017006  1251          TAD     TTYPE   /CHANGE TO TTY OUTPUT
4057 017007  3150          DCA     PUNCH
4058 017010  4646          JMS I   LLIST   /TYPE THE CURRENT LINE
4059 017011  1113          TAD     KOUNT   /USE THE BUFFER POINTER AS AN INDEX
4060 017012  7041          CIA
4061 017013  7001          IAC
4062 017014  3007          DCA     L7
4063 017015  1153          TAD     C40     /NOW PUT OUT SOME SPACES...
4064 017016  4520          JMS I   PRINT
4065 017017  2007          ISZ     L7
4066 017020  5215          JMP     .-3
4067 017021  1247          TAD     D36     /AND AN '^'
4068 017022  4520          JMS I   PRINT
4069 017023  4520          JMS I   PRINT
4070 017024  1250          TAD     LELIST  /NOW TYPE THE ERROR MESSAGE
4071 017025  3010          DCA     L10
4072 017026  1410  UNCH1,  TAD I   L10
4073 017027  7440          SZA             /END OF TABLE?
4074 017030  1201          TAD     LLUNCH
4075 017031  7650          SNA CLA         /IS THIS THE MSG WE WANT?
4076 017032  5235          JMP     UNCH2
4077 017033  2010          ISZ     L10     /NO
4078 017034  5226          JMP     UNCH1
4079 017035  1172  UNCH2,  TAD     BASE
4080 017036  7041          CIA
4081 017037  1410          TAD I   L10
4082 017040  4646          JMS I   LLIST   /FAKE LISTER INTO PRINTING ERROR MESG
4083 017041  4520          JMS I   PRINT   /FORCE BUFFER
4084 017042  1252          TAD     EPNCH   /BACK TO PUNCH OUTPUT
4085 017043  3150          DCA     PUNCH
4086 017044  2075          ISZ     L75     /SET THE NON-PRINT SWITCH
4087 017045  5177          JMP     START   /GO PROCESS THE NEXT STATEMENT
4088 017046  0341  LLIST,  LIST
4089 017047  0036  D36,    36
4090 017050  1161  LELIST, ELIST-1         /ERROR LIST ...
4091 017051  7114  TTYPE,  LTTYPE
4092 017052  5333  EPNCH,  LPUNCH
4093 017053  0000  CTR,    0
4094 017054  0000  TEM,    0
4095               /       THIS ROUTINE PRINTS THE CONTENTS OF THE AC IN DECIMAL
4096 017055  0000  PARCT,LDCOUT, 0
4097 017056  3254          DCA     TEM     /SAVE THE AC
4098 017057  1164          TAD     CM3     /WE WILL PUT OUT FOUR CHARACTERS
4099 017060  3253          DCA     CTR
4100 017061  1312          TAD     ASE     /THIS IS THE ASE OF THE CONVERSION TABLE
4101 017062  3201          DCA     NPOINT  /SAVE IT IN THE POINTER
4102 017063  3313          DCA     FLAG
4103 017064  3200  LOP,    DCA     MCHAR   /ZERO OUT THE CHARACTER
4104 017065  1254          TAD     TEM     /GET THE NUMBER AGAIN
4105 017066  1601          TAD I   NPOINT  /TO GET THE ITEM IN THE TABLE
4106 017067  7510          SPA             /IS THE RESULT POSITIVE
4107 017070  5276          JMP     LOPRST  /NO...RESTORE THE NUMBER
4108 017071  3254          DCA     TEM     /AND SAVE THIS VALUE
4109 017072  1333          TAD     D60
4110 017073  3313          DCA     FLAG    /SET FLAG TO SHOW THAT WE HAVE SOMETHING
4111 017074  2200          ISZ     MCHAR   /YES...INCREMENT THE OUTPUT CHARACTER
4112 017075  5265          JMP     LOP+1   /TRY THE SEQUENCE AGAIN
4113 017076  7200  LOPRST, CLA
4114 017077  1200          TAD     MCHAR
4115 017100  1313          TAD     FLAG
4116 017101  7440          SZA             /DO WE HAVE A SIGNIFICANT DIGIT?
4117 017102  4520          JMS I   PRINT   /YES - PRINT IT
4118 017103  2201          ISZ     NPOINT
4119 017104  2253          ISZ     CTR
4120 017105  5264          JMP     LOP     /AND GET THE NEXT DIGIT
4121 017106  1254          TAD     TEM     /GET THE CHARACTER TO OUTPUT
4122 017107  1333          TAD     D60     /PUT IT IN TRIMMED ASCII FORM
4123 017110  4520          JMS I   PRINT   /PRINT IT
4124 017111  5655          JMP I   LDCOUT  /YES...RETURN TO CALLING PROGRAM
4125 017112  2710  ASE,    THOU
4126 017113  0000  FLAG,   0
4127               
4128               / TELETYPE OUTPUT TOUTINE FOR ERROR MESSAGES
4129 017114  0000  LTTYPE, 0
4130 017115  6041          TSF
4131 017116  5315          JMP     .-1
4132 017117  6046          TLS
4133 017120  7200          CLA
4134 017121  5714          JMP I   LTTYPE
4135               
4136 017122  1113  IOOPEN, TAD     KOUNT
4137 017123  3200          DCA     IOHTMP  /SAVE POINTER TO LEFT PAREN +1
4138 017124  7240          CLA CMA
4139 017125  3255          DCA     PARCT   /INITIALIZE PAREN COUNTER
4140 017126  1113          TAD     KOUNT
4141 017127  3254          DCA     TEM     /TEM POINTS TO ENTITY  (OR PREV ONE IF A VAR)
4142 017130  4527  IOPENL, JMS I   ENTITY  /GET SOMETHING
4143 017131  4523  ERR52,  JMS I   LUNCH   /END OF STMT - BAD
4144 017132  5330          JMP     IOPENL  /VARIABLE - DON'T UPDATE TEM
4145 017133  0060  D60,    60
4146 017134  5326          JMP     IOPENL-2        /CONSTANT - UPDATE TEM
4147 017135  1161          TAD     CM51    /PUNCTUATION - TEST FOR RIGHT PAREN
4148 017136  7450          SNA
4149 017137  5365          JMP     IORPAR  /YES
4150 017140  7001          IAC
4151 017141  7450          SNA             /LEFT PAREN?
4152 017142  5362          JMP     IOLPAR
4153 017143  1373          TAD     CM25
4154 017144  7650          SNA CLA         /IF CHAR IS AN EQUAL SIGL
4155 017145  1255          TAD     PARCT
4156 017146  7001          IAC
4157 017147  7640          SZA CLA         /AND WE ARE ON THE TOP LEVEL OF PARENTHESES
4158 017150  5326          JMP     IOPENL-2
4159 017151  1254          TAD     TEM     /THEN WE HAVE AN IMPLIED DO
4160 017152  3113          DCA     KOUNT
4161 017153  4774          JMS I   DO      /GENERATE DO LOOP CODE
4162 017154  5331          JMP     ERR52   /NOT TERMINATED WITH RPAR - ERROR
4163 017155  2112          ISZ     IMPDO   /BUMP IMPLIED DO COUNT
4164 017156  1200          TAD     IOHTMP
4165 017157  3113          DCA     KOUNT   /RESTORE CHAR PTR TO BEGINNING OF LOOP
4166 017160  5761          JMP I   .+1
4167 017161  6247          IOH1+1          /COMPILE INNARDS OF LOOP
4168               
4169 017162  7240  IOLPAR, CLA CMA
4170 017163  1255          TAD     PARCT
4171 017164  5325          JMP     IOPENL-3        /BUMP PAREN COUNT  UP AND LOOP
4172               
4173 017165  2255  IORPAR, ISZ     PARCT   /BUMP PAREN COUNT DOWN
4174 017166  5326          JMP     IOPENL-2        /LOOP IF NOT BALANCED
4175 017167  1200          TAD     IOHTMP
4176 017170  3113          DCA     KOUNT   /BALANCED - NOT AN IMPLIED DO
4177 017171  5772          JMP I   .+1
4178 017172  6253          IOH1BK          /COMPILE NORMALLY
4179 017173  7753  CM25,   -25
4180 017174  3430  DO,     XDO
4181                      *7200
4182 017200  4525  EQUI,   JMS I   LOOK    /CHECK REST OF STATEMENT TYPE
4183 017201  7771          -7      /THERE ARE 7 MORE CHARACTERS
4184 017202  7752          -26     /V
4185 017203  7777          -1      /-A
4186 017204  7764          -14     /-L
4187 017205  7773          -5      /-E
4188 017206  7762          -16     /-N
4189 017207  7775          -3      /-C
4190 017210  7773          -5      /-E
4191 017211  2107  RETA,   ISZ     SNUM    /INCREMENT THE STRING NUMBER
4192 017212  4343          JMS     CCCC    /GET AND CHECK THE NEXT NON-BLANK CHARACTER
4193 017213  7410          SKP             /ONLY LEGAL CHAR HERE IS A "("
4194 017214  5217          JMP     RETB    /WE GOT THE "("
4195 017215  7000          NOP
4196 017216  5300          JMP     ERR59
4197 017217  4527  RETB,   JMS I   ENTITY  /LOOK FOR A VARIABLE
4198 017220  7410          SKP
4199 017221  5225          JMP     LA      /GOT IT, ANYTHING ELSE IS AN ERROR
4200 017222  7000          NOP
4201 017223  7000          NOP
4202 017224  5300          JMP     ERR59
4203 017225  2032  LA,     ISZ     L32     /TURN EQUIVALENCE BIT ON
4204 017226  2032          ISZ     L32
4205 017227  1365          TAD     K57     /GET MASK FOR SYMBOL TABLE
4206 017230  3021          DCA     L21     /PUT IN THE SYMBOL TABLE SWITCH
4207 017231  4530          JMS I   SYMTAB  /PUT IN SYMBOL TABLE
4208 017232  1077          TAD     L77     /GET THE POINTER
4209 017233  2103          ISZ     MIKE4   /AND PUT IN EQUIVALENCE TABLE
4210 017234  3503          DCA I   MIKE4
4211 017235  1107          TAD     SNUM    /GET THE CURRENT STRING NUMBER
4212 017236  2103          ISZ     MIKE4   /AND PUT IT IN THE EQUIVALENCE TABLE
4213 017237  3503          DCA I   MIKE4
4214 017240  2104          ISZ     MIKE8   /INCREMENT NUMBER OF ENTRIES
4215 017241  4343          JMS     CCCC    /GET NEXT PUNCTUATION
4216 017242  5300          JMP     ERR59   /C/R, THAT'S AN ERROR ...
4217 017243  5246          JMP     .+3     /LEFT PAREN, VARIABLE IS SUBSCRIPTED
4218 017244  5337          JMP     LB      /COMMA, NOT SUBSCRIPTED, STRING CONTINUES
4219 017245  5327          JMP     LC      /RIGHT PAREN, NOT SUBSCRIPTED, END OF STRING
4220 017246  4527          JMS I   ENTITY  /LOOK FOR SUBSCRIPT
4221 017247  7000          NOP
4222 017250  7410          SKP
4223 017251  5254          JMP     LD      /GOT IT, ANYTHING ELSE IS ERROR
4224 017252  7000          NOP
4225 017253  5300          JMP     ERR59
4226 017254  7240  LD,     CLA CMA /SUBTRACT ONE FROM
4227 017255  1032          TAD     L32     /FIRST SUBSCRIPT
4228 017256  3105          DCA     INTA    /AND SAVE
4229 017257  4343          JMS     CCCC    /GET NEXT PUNCTUATION
4230 017260  7000          NOP             /CR IS ILLEGAL HERE
4231 017261  5216          JMP     RETB-1  /SO IS LEFT PAREN
4232 017262  7410          SKP             /COMMA, DOUBLY SUBSCRIPTED
4233 017263  5312          JMP     LF      /RIGHT PAREN, SINGLY SUBSCRIPTED
4234 017264  4527          JMS I   ENTITY  /GET OTHER SUBSCRIPT
4235 017265  7000          NOP
4236 017266  7410          SKP
4237 017267  5272          JMP     LG      /GOT IT
4238 017270  7000          NOP
4239 017271  5253          JMP     LD-1
4240 017272  1032  LG,     TAD     L32     /SET IT NEGATIVE
4241 017273  7041          CIA
4242 017274  3106          DCA     INTB    /AND SAVE IT
4243 017275  4343          JMS     CCCC    /GET NEXT PUNCTUATION
4244 017276  7000          NOP
4245 017277  7000          NOP
4246 017300  4523  ERR59,  JMS I   LUNCH
4247 017301  1077          TAD     L77     /RIGHT PAREN IS ONLY LEGAL CHARACTER
4248 017302  4547          JMS I   DIM     /GET DIMENSION INFORMATION
4249 017303  3343          DCA     CCCC    /AND SAVE
4250 017304  7410          SKP             /GO TO TEST PART OF LOOP
4251 017305  1343          TAD     CCCC    /THIS LOOP IS A MAKESHIFT MULTIPLY
4252 017306  2106          ISZ     INTB    /ARE WE DONE
4253 017307  5305          JMP     .-2     /NO
4254 017310  1105          TAD     INTA    /YES, ADD FIRST SUBSCRIPT
4255 017311  3105          DCA     INTA    /AND SAVE
4256 017312  1077  LF,     TAD     L77     /GET POINTER TO VARIABLE
4257 017313  4524          JMS I   MODE    /WHAT MODE IS IT
4258 017314  1105          TAD     INTA    /F.P., MULTIPLY BY THREE
4259 017315  7104          RAL CLL /INTEGER
4260 017316  1105          TAD     INTA
4261 017317  7001          IAC             /ADD ONE TO ANSWER
4262 017320  2103          ISZ     MIKE4   /AND PUT IN EQUIVALENCE TABLE
4263 017321  3503          DCA I   MIKE4
4264 017322  4343          JMS     CCCC    /GET NEXT PUNCTUATION
4265 017323  7000          NOP
4266 017324  5216          JMP     RETB-1  /CR AND "(" ARE ILLEGAL HERE
4267 017325  5217          JMP     RETB    /COMMA MEANS STRING NOT FINISHED
4268 017326  5332          JMP     LI      /")" MEANS STRING FINISHED
4269 017327  7201  LC,     CLA IAC /HERE WE CRAM A ONE INTO EQUIVALENCE
4270 017330  2103          ISZ     MIKE4
4271 017331  3503          DCA I   MIKE4
4272 017332  4343  LI,     JMS     CCCC    /WE FINISHED A STRING, ARE THERE MORE
4273 017333  5177          JMP     START   /NO
4274 017334  7410          SKP
4275 017335  5211          JMP     RETA    /YES
4276 017336  5216          JMP     RETB-1  /"(" AND ")" ARE ILLEGAL HERE
4277 017337  7201  LB,     CLA IAC         /CRAM A ONE INTO TABLE
4278 017340  2103          ISZ     MIKE4
4279 017341  3503          DCA I   MIKE4
4280 017342  5217          JMP     RETB    /AND GO BACK
4281               /
4282               /       THIS"ROUTINE GETS AND CHECKS THE NEXT NON-BLANK CHAR
4283               /
4284 017343  0000  CCCC,   0
4285 017344  4575          JMS I   GNB
4286 017345  7450          SNA             /PUNCTUATION IS WHAT WE WANT
4287 017346  5743          JMP I   CCCC    /ITS A CR
4288 017347  1162          TAD     CM54
4289 017350  7450          SNA             /IS IT A COMMA
4290 017351  5362          JMP     XCOMMA  /YES
4291 017352  1152          TAD     C3
4292 017353  7450          SNA             /IS IT A ")"
4293 017354  5361          JMP     XRPAR   /YES
4294 017355  7001          IAC
4295 017356  7450          SNA             /IS IT A "("
4296 017357  5363          JMP     XLPAR   /YES
4297 017360  5216          JMP     RETB-1  /NONE OF THE ABOVE
4298 017361  2343  XRPAR,  ISZ     CCCC
4299 017362  2343  XCOMMA, ISZ     CCCC
4300 017363  2343  XLPAR,  ISZ     CCCC
4301 017364  5743          JMP I   CCCC
4302 017365  0057  K57,    57
4303               
4304 017366  4575  LFIN,   JMS I   GNB
4305 017367  7640          SZA CLA
4306 017370  5514          JMP I   ASSIGN
4307 017371  4526          JMS I   ZZZ     /PRINT LABEL ON "FINI"
4308 017372  5773          JMP I   .+1
4309 017373  6346          IOH2
4310               
4311               /THE FOLLOWING CODE IS TO PROCESS THE EQUIVALENCE TABLE
4312               /AT THE END OF A COMPILATION
4313                      *7376
4314 017376  2103  EEK,    ISZ     MIKE4
4315 017377  2103          ISZ     MIKE4
4316 017400  3503          DCA I   MIKE4   /SET END OF LIST
4317 017401  4366          JMS     INIT    /INITIALIZE POINTERS
4318 017402  1103  AAB,    TAD     MA      /SET POINTERS TO STRING NUMBERS
4319 017403  1152          TAD     C3
4320 017404  3107          DCA     MB
4321 017405  2103          ISZ     MA
4322 017406  2103          ISZ     MA
4323 017407  2107  AAC,    ISZ     MB
4324 017410  2107  AA,     ISZ     MB
4325 017411  1503          TAD I   MA      /GET FIRST STRING NUMBER
4326 017412  7041          CIA
4327 017413  1507          TAD I   MB      /SUBTRACT FROM SECOND
4328 017414  7640          SZA CLA         /ARE THEY THE SAME
4329 017415  5257          JMP     KICK1   /NO, ADVANCE POINTERS
4330 017416  2103          ISZ     MA      /YES, MOVE TO LINEAR SUBSCRIPT
4331 017417  2107          ISZ     MB
4332 017420  1503          TAD I   MA      /GET FIRST SUBSC
4333 017421  7041          CIA
4334 017422  1507          TAD I   MB      /SUBTRACT FROM SECOND
4335 017423  7750          SPA CLA SNA     /IS FIRST ONE SMALLER
4336 017424  5253          JMP     KICK2   /NO, JUST ADVANCE POINTERS
4337 017425  1103          TAD     MA      /YES, SWITCH PLACES
4338 017426  1163          TAD     CM2
4339 017427  3103          DCA     MA
4340 017430  1107          TAD     MB
4341 017431  1163          TAD     CM2
4342 017432  3107          DCA     MB
4343 017433  1164          TAD     CM3
4344 017434  3366          DCA     INIT
4345 017435  1503  RAUCH,  TAD I   MA
4346 017436  3076          DCA     L76
4347 017437  1507          TAD I   MB
4348 017440  3503          DCA I   MA
4349 017441  1076          TAD     L76
4350 017442  3507          DCA I   MB
4351 017443  2103          ISZ     MA
4352 017444  2107          ISZ     MB
4353 017445  2366          ISZ     INIT
4354 017446  5235          JMP     RAUCH
4355 017447  1103          TAD     MA
4356 017450  1163          TAD     CM2
4357 017451  3103          DCA     MA
4358 017452  5210          JMP     AA      /NOW THEYRE SWITCHED, CHECK AGAIN
4359 017453  7240  KICK2,  CLA CMA         /MOVE BACK FIRST POINTER
4360 017454  1103          TAD     MA
4361 017455  3103          DCA     MA
4362 017456  5207          JMP     AAC
4363 017457  2103  KICK1,  ISZ     MA      /MOVE UP FIRST POINTER
4364 017460  2106          ISZ     MIKE7   /ARE WE OUT OF ENTRIES
4365 017461  5202          JMP     AAB     /NO
4366               /
4367               /       NOW THE SORTING IS DONE
4368               /
4369 017462  4366          JMS     INIT    /INITIALIZE POINTERS
4370 017463  3104          DCA     TOTAL   /ZERO OUT TOTAL
4371 017464  2103  MIKE2,  ISZ     MA
4372 017465  1503          TAD I   MA
4373 017466  4532          JMS I   PRSYM   /PUT OUT THE SYMBOL
4374 017467  1154          TAD     C7240
4375 017470  4521          JMS I   P2      /PUT OUT THE TERMINATOR
4376 017471  7001          IAC
4377 017472  1503          TAD I   MA
4378 017473  3014          DCA     L14
4379 017474  1414          TAD I   L14     /GET CONTROL BITS FROM SYMBOL TABLE
4380 017475  0376          AND     P20
4381 017476  7650          SNA CLA         /IS IT DIMENSIONED
4382 017477  5312          JMP     MIKE5   /NO
4383 017500  1503          TAD I   MA      /YES, COMPUTE THE TOTAL LENGTH
4384 017501  4547          JMS I   DIM
4385 017502  3026          DCA     L26
4386 017503  1414          TAD I   L14
4387 017504  7041          CIA
4388 017505  3073          DCA     L73
4389 017506  1026          TAD     L26
4390 017507  2073          ISZ     L73
4391 017510  5306          JMP     .-2
4392 017511  7410          SKP             /GOT IT
4393 017512  7001  MIKE5,  IAC             /IF NOT DIMENSIONED, USE ONE A LENGTH
4394 017513  3107          DCA     MB      /SAVE LENGTH 
4395 017514  1503          TAD I   MA
4396 017515  4524          JMS I   MODE    /WHAT IS THE MODE OF THE SYMBOL
4397 017516  1107          TAD     MB      /FP, MULTIPLY BY THREE
4398 017517  7104          RAL CLL
4399 017520  1107          TAD     MB
4400 017521  3366          DCA     INIT    /SAVE IT
4401 017522  1104          TAD     TOTAL   /GET TOTAL REMAINING LENGTH OF STRING
4402 017523  7041          CIA
4403 017524  1366          TAD     INIT    /SUBTRACT CURRENT LENGTH FROM IT
4404 017525  7710          SPA CLA         /WHICH IS BIGGER
4405 017526  5331          JMP     .+3     /REMAINING PORTION IS BIGGER
4406 017527  1366          TAD     INIT    /CURRENT PORTION IS BIGGER, REPLACE REMAINING PORTION
4407 017530  3104          DCA     TOTAL
4408 017531  2103          ISZ     MA
4409 017532  1103          TAD     MA
4410 017533  1152          TAD     C3
4411 017534  3107          DCA     MB
4412 017535  1507          TAD I   MB      /GET NEXT ENTRY STRING NUMBER
4413 017536  7041          CIA
4414 017537  1503          TAD I   MA      /SUBTRACT CURRENT STRING NUMBER
4415 017540  7640          SZA CLA         /ARE THEY EQUAL
4416 017541  5362          JMP     MIKE1   /NO
4417 017542  2103          ISZ     MA      /YES, GET THE DIFFERENCE
4418 017543  2107          ISZ     MB
4419 017544  1507          TAD I   MB
4420 017545  7041          CIA
4421 017546  1503          TAD I   MA
4422 017547  3107          DCA     MB      /AND SAVE
4423 017550  1107          TAD     MB      /SUBTRACT DIFFERENCE FROM TOTAL REMAINING
4424 017551  7041          CIA
4425 017552  1104          TAD     TOTAL
4426 017553  3104  MIKE6,  DCA     TOTAL   /SAVE
4427 017554  1107          TAD     MB      /GET THE DIFFERENCE
4428 017555  3026          DCA     L26
4429 017556  4567          JMS I   BSS     /RESERVE THAT MANY LOCATIONS
4430 017557  2106          ISZ     MIKE7   /ARE WE DONE
4431 017560  5264          JMP     MIKE2   /NO
4432 017561  5775          JMP I   ROGER   /YES
4433 017562  1104  MIKE1,  TAD     TOTAL   /SWITCH TOTAL TO THE CURRENT LOCATION
4434 017563  3107          DCA     MB
4435 017564  2103          ISZ     MA      /EQUALIZE POINTERS
4436 017565  5353          JMP     MIKE6
4437               /
4438 017566  0000  INIT,   0
4439 017567  1104          TAD     MIKE8   /GET ENTRY COUNT
4440 017570  7041          CIA             /SET NEGATIVE
4441 017571  3106          DCA     MIKE7   /SAVE
4442 017572  1110          TAD     POINTZ  /GET TABLE POINTER
4443 017573  3103          DCA     MA      /SAVE
4444 017574  5766          JMP I   INIT
4445               /
4446 017575  5666  ROGER,  PTEMP
4447 017576  0020  P20,    20
4448               $

AA      7410
AAB     7402
AAC     7407
AADD    5232
ABACK   4330
ACA     0251
ACK     5527
ADD     2024
ADDIND  4600
ADDL    4621
ADDONE  5213
ADDTWO  5254
ADSPCL  4640
AFCON   5644
AFP     0701
AGAIN   4113
AINT    0722
ALAB    3130
ALLDNE  3505
ALPAR   1300
ALPH    0256
ALPH2   0266
ALPHA   0665
ALTHRU  5722
AMODE   0670
AMUL    4707
ANEXT   3013
AONE    5241
AREA1   2667
AREA2   2670
ARET    4320
ARG     0170
ARGCNT  3755
ASBCMN  4530
ASE     7112
ASSCK   1510
ASSIGN  0114
ASTOP   5136
ASUB    4520
ASUBSC  2712
ATEM    0725
ATRY    0223
B20     2615
B7      0567
B7000   1334
BACK    6611
BAREA1  0361
BAREA2  0362
BASE    0172
BASE2   0173
BCON    1242
BEGIN   1000 unreferenced
BFOUT   1275
BINTEG  1001
BK      3205
BLCK    6154
BLPHA   1005
BMORE   1103
BNEXT   1023
BONT    1534
BPAR    1162
BPAREN  0066
BPUSH   1160
BRET    1046
BSS     0167
BSYM    6300
BSYMP   1065
BTTAB   1064
C0075   1164
C10     4360
C112    0561
C12     2246
C132    5174
C17     1546
C177    5601
C2      0151
C20     1335
C21     3445
C212    2401
C215    2402
C2440   1744
C25     5551
C3      0152
C30     4560
C300    2400
C31     4477
C3135   1172
C34     2364
C35     2362
C36     1373
C3724   1331
C3730   1327
C40     0153
C400    2170
C4000   0174
C4047   1336
C45     1550
C46     3262
C4643   1170
C47     3773
C5      1332
C50     4156
C5000   1161
C5001   3413
C54     0171
C55     3417
C5700   0570
C6      5166
C60     3235
C6000   5751
C6022   4730
C6025   5164
C6030   6376
C6071   5171
C6146   5312
C6207   5167
C6275   6160
C7      1451
C700    1171
C7000   1165
C7240   0154
C74     4324
C75     0566
C7600   5600
C77     0155
C7700   2534
C7722   1543
C7725   1167
C7750   2167
C7753   1163
C7766   2166
C7767   2172
C7770   1741
C7772   1330
C7773   1736
CA      1517
CAL     0600
CAR     0554
CASUB   6637
CC      1526
CC7700  1571
CCCC    7343
CD      1624
CDCA41  3367
CDONE   1232
CE      1527
CF      1621
CH      1657
CHANGE  6564 unreferenced
CHECK   0165
CHK     0111
CHNG    6753
CJ      1703
CK      1675
CK2     4231
CKCR    6161
CKFNCT  3652
CKSBSC  3746
CLAB    0142
CLEAR   2241
CM      1701
CM100   5360
CM1100  0726
CM111   0560
CM1300  1062
CM140   5341
CM15X   0564
CM16    4357
CM177   0563
CM2     0163
CM20    0572
CM21    1166
CM212   1570
CM24    3412
CM25    7173
CM3     0164
CM30    4561
CM32    2244
CM33    3370
CM4     3234
CM40    0156
CM4046  0157
CM4047  3757
CM41    4354
CM47    3774
CM50    0160
CM51    0161
CM52    1545
CM53    4363
CM54    0162
CM6     1542
CM60    1063
CM61    0571
CM6207  5173
CM75X   0565
CMNT    0355
COM     5561
COMMA   2721
COMNT   0456
COMP    4667
CON1    0723
COP     1640
COUNT1  3343
COUNT2  0100
COUNT3  0605
CP6     1061
CR2     0627
CRAM    5630
CREATE  0133
CRLF    2573
CTR     7053
CUNT    1312
CVAR    3447
D1000   5357
D177    0562
D33     2361
D34     3257
D36     7047
D6      5776
D60     7133
D7      1333
DA      1724
DB      2100
DC      2112
DCTR    3266
DECOUT  3371
DEFN    5554
DIG     1515
DIM     0147
DIV     5037
DIVE    5046
DIVIDE  2073
DLOOP   6112
DM5     3411
DM6     2245
DMPLIN  1554
DN      1045
DNN     1054
DO      7174
DOEND   2377
DONEXT  6176
DORET   3400
DOSTOR  3454
DOSUBT  3573
DPAR    3501
DUM     0146
DUMARG  0131
DUMMY   6176
DUMONE  5013
DUMPLN  2550
DUMTWO  5000
E10     5556
E20     5555
E400    3760
E41     5161
E43     6154
E53     3422
E7      5552
E75     3756
EEK     7376
EFIX    5132
EIND    5116
ELIST   1162
EM6     4727
EM75    4355
EMSG1   1266
EMSG10  1432
EMSG11  1453
EMSG12  1466
EMSG13  1501
EMSG14  1514
EMSG3   1320
EMSG4   1331
EMSG5   1342
EMSG6   1357
EMSG8   1401
EMSG9   1412
ENTER   2527
ENTITY  0127
EPNCH   7052
EQI     3624
EQRET   5137
EQU     5120
EQUI    7200
ERET    1404
ERR1    0230
ERR10   1530
ERR12   1654
ERR14   2067
ERR15   2210
ERR16   2220
ERR17   2535
ERR18   2616
ERR2    0700
ERR28   3020
ERR29   3044
ERR3    1044
ERR30   3051
ERR31   3263
ERR35   3457
ERR37   3765
ERR38   3621
ERR39   4110
ERR40   4270
ERR41   4457
ERR42   5272
ERR43   5332
ERR44   5411
ERR48   6162
ERR50   6236
ERR51   6363
ERR52   7131
ERR53   6511
ERR54   2435
ERR59   7300
ERR6    1236
ERR60   6407
ERR9    1347
ESIGN   0101
EXIT    6253 unreferenced
EXP     5061
F34     6560
F400    4361
FAS     4544
FBASE   6554
FCOM    4677
FCON    1175
FCOUNT  2405
FDV     5055
FEQU    5146
FEX     5103
FEXP    5067
FINI    5775
FIX     5306
FLAG    7113
FLOAT   5302
FLOOP   5647
FLOT    4614
FLPT    1003
FLST    0242 unreferenced
FM6     5163
FML     4716
FOP     4517
FORST   5362
FORTR   6242
FP      6665
FPROP   0144
FPSW    0102
FRET    1401
FS      4545
FSTO    4662
FSTOP   5207
FSUB    4537
FSUBSC  6770
FTLOOP  5670
FTTAB   0740
FUNCT   1277
FUNOP   3717
FV      0704
G400    5315
GENER   0140
GET1    6074
GETCH   0122
GETHI   3366
GETMOR  3441
GETVAR  2611
GLOOK   4337
GLU     0635
GNB     0175
GO7     3156
GOOON   5455
GOT     6514
GTC     4154
GTCL    2242
H200    6766
H400    6765
H43     6767
H6041   6771
HOO     1030
HOOP    2155
I1      2524
I2      2525
IBM     5327
ICON    2325
IE      1301
IFCOMN  3326
ILOOP   5706
IMPDO   0112
INBUF   0200
INC     4313
INC1    4312
INDX    1057
INIT    7566
INT     6432
INTA    0105
INTB    0106
INTEG   3264
IOEQL   6164
IOH0    6240
IOH1    6246
IOH1BK  6253
IOH2    6346
IOH3    6342
IOHRSM  6333
IOHTMP  7000
IOLPAR  7162
IOOPEN  7122
IOP     6216
IOPEN   6374
IOPENL  7130
IORPAR  7165
IRET    4552
ISPECL  3333
ISZDO   3401
ITEMP   5704
ITTAB   0710
IX      0557
J10     2171
J27     4367
K27     2630
K37     2627
K50     2363
K5000   5770
K5200   5553
K531    5772
K5400   5771
K561    5773
K57     7365
KADDON  4725
KICK1   7457
KICK2   7453
KOUNT   0113
KPAR    1207
KRONK   0521
L       5613
L10     0010
L11     0011
L12     0012
L14     0014
L15     0015
L16     0016
L17     0017
L20     0020
L21     0021
L22     0022
L23     0023
L24     0024
L25     0025
L26     0026
L30     0030
L31     0031
L32     0032
L33     0033
L34     0034
L35     0035
L36     0036
L37     0037
L40     0040
L41     0041
L42     0042
L43     0043
L44     0044
L45     0045
L46     0046
L47     0047
L50     0050
L51     0051
L52     0052
L53     0053
L54     0054
L55     0055
L56     0056
L57     0057
L60     0060
L61     0061
L62     0062 unreferenced
L63     0063
L64     0064
L65     0065
L67     0067
L7      0007
L70     0070
L71     0071
L72     0072
L73     0073
L74     0074
L75     0075
L76     0076
L77     0077
LA      7225
LAADD   4345
LABEL   2206
LABELX  1010
LABL    3256
LADDIN  4346
LADDL   5313
LADDON  4557
LADDTW  4563
LAPP    1216
LARG    5154
LASIGN  1345
LASUB   4347
LB      7337
LBNEXT  1326
LBSS    5602
LC      7327
LCAR    0440
LCDONE  1173
LCH     2366
LCHECK  4400
LCHNG   0141
LCLAB   6545
LCLEAR  5567
LCOMON  2604
LCOMP   4556
LCONT   4000
LCOP    1551
LCREAT  3344
LD      7254
LDCOUT  7055
LDEFN   5636
LDIM    6451
LDIMEN  2636
LDIV    4365
LDMARG  4271
LDMRET  6751
LDNEXT  0315
LDO     3415
LDSPCL  6706
LDUM    6713
LDUMON  4362
LDUMTW  4356
LEAD    5560
LEADR   5361
LEDOT1  5434
LEDOUT  5433
LEIND   4351
LELIST  7050
LENTT   1405
LEQI    3414
LEQU    4350
LEQUIN  4321
LEXP    4352
LF      7312
LFCON   2444
LFIN    7366
LFINI   5342
LFIX    5170
LFLOAT  5172
LFPROP  4500
LFRET   1743
LFRMAT  4070
LFUNC   6000
LFUNCT  3640
LG      7272
LGENER  1011
LGETCH  0650
LGETHI  6440
LGNB    0637
LGOTO   3000
LGTC    0730
LI      7332
LIF     3236
LIFDCA  3266
LIRET   4726
LIST    0341
LK      6456
LKPAR   1174
LLAST   5400
LLEAD   3150
LLIST   7046
LLOOK   4325
LLSHIF  1745
LLUNCH  7001
LMUL    4364
LMUL10  1552
LNRMAL  2165
LOC     1056
LOOK    0125
LOOP    6477
LOOP1   2410
LOOP2   6534
LOOP6   4612
LOOP7   4633
LOP     7064
LOPRST  7076
LP      1010
LP2     2307
LPAUSE  4013
LPIFF   4157
LPLAB   3357
LPOLIS  1742
LPP     1027
LPRCRL  1364
LPRCTM  1374
LPRINT  2551
LPROP   5243
LPRSYM  2247
LPRTAC  3200
LPTEMP  5557
LPTRIN  0547
LPUNCH  5333
LPUTCH  1340
LQUOTE  3763
LRCD    0400
LRCDA   0500
LRCDL   0410
LRCDX   0471
LREAD   6204
LRET    6400
LRETUR  4562
LSBTEM  6471
LSHIFT  2010
LSMODE  5317
LSTMT   2200
LSTOP   4017
LSTORE  4647
LSUB    6010
LSUBSC  6561
LSWAP   0766
LSYMTB  2406
LSYMTM  2551
LTEM    1466
LTESTE  1547
LTLP1   4434
LTLP2   4451
LTMPOR  4423
LTRIPL  4200
LTTYPE  7114
LUMIN   4353
LUNCH   0123
LWIPE   6527
LWRIT   6200
LXTAD   3134
LXZQ    5265
LZER    6541
LZZZ    4167
M1700   0573 unreferenced
MA      0103
MADDTW  5162
MAYBE   4316
MB      0107
MBACK   2467
MCHAR   7000
MCOM    3474
MCOMP   5314
MCR     4027
MFOUR   6001
MIKE1   7562
MIKE2   7464
MIKE4   0103
MIKE5   7512
MIKE6   7553
MIKE7   0106
MIKE8   0104
MIN104  1060
MIRET   5165
MLOOP   2446
MMSK    0744
MNEXT   3722
MODE    0124
MOR     3672
MORDUM  5412
MORE    6057
MUL     4702
MUL10   2120
MULT    2056
MULT10  2243
NAH     1506
NARET   5316
NCOMMA  1151
NEXT    6131
NO      1135
NOASS   1505
NOHIT1  0313
NOHIT2  0312
NONE    4420
NORM    5547
NORMAL  1723
NOSYMB  6325
NPOINT  7001
NUMB    3407
ON      0610
ONE     4417
OP      3143
OPCLA   6124
OPCMA   6245
OPDCA   6071
OPEN    6231
OPIAC   6250
OPJMPI  6074
OPSNA   6105
OPTAD   6066 unreferenced
OPTADI  6063
OSTOP   4052
OUT     3711
P       0555
P2      0121
P20     7576
P33     1541
PACK    1437
PARCT   7055
PAREN   4116
PBEGN   1000
PCTR    6556
PGTC    3775
PIFF    0136
PIOEQL  1045
PLAB    0135
PLSBSC  1363
POINT   6555
POINTZ  0110
POLISH  2134
POLSH   2153
PPACK   3776
PRCRL   0117
PREC    1066
PRET    1400
PRIME   1323
PRINT   0120
PRIT    2571
PRJMP   3342
PRJUMP  3157
PROCT   2331
PROP    0116
PROTAC  0134
PRSYM   0132
PSYMOT  3753
PTEM    0340
PTEMP   5666
PUNC    0664
PUNCH   0150
PUNCT   1467
PUSH    1200
PUTCH   0115
PXSUBR  4155
Q12     0606
Q20     6362
Q6066   3055
QAGAIN  2645
QBACK   2741
QDONE   2757
QGET    2647
QM32    0727
QONE    2762
QPUNC   2675
QRET    2522
QRPAR   2735
QSYMOT  6375
QTWO    2751
QUOTE   1553
R       2764
RAUCH   7435
RCD     0363
READY   6147
REDY    2765
REP     1034
RETA    7211
RETB    7217
RETUR   1072
RETURN  5274
RIG     2763
RIGHT   2754
RLCD    0765
ROGER   7575
RSHIFT  2042
SAVE    3754
SBSCR   2346
SCODE   1746
SCODL   1756
SCOUNT  2403
SE      1372
SEARCH  2465
SEC     2770
SECOND  2726
SKPIT   2275
SLAB    3424
SLOC1   1767
SLOC2   1770
SMODE   0166
SNUM    0107
SOME    4421
SOUT    1270
SPACE   2223
SPCONL  3322
SSTYP   0364
START   0177
STCTLV  3553
STMT    0366
STOP    4050
STORE   0143
STORET  4655
STORSL  0475
STRT    1066
STWO    4533
STYPE   2600
SUBA    6355
SUBB    6150
SUBOT1  5753
SUBOUT  5752
SUBRET  6470
SUBTEM  2370
SW      4067
SWAP    0367
SWIT    3410
SYM     5466
SYM1    5500
SYMOUT  6672
SYMTAB  0130
TAB     0507
TABLE   1070
TADDON  5160
TART    6020
TEM     7054
TEM1    0556
TEMPO   2333
TEMPOR  2371
TEMPTY  4460
TEN     6155
TEST    0211
TESTE   1600
THERE   3021
THOU    2710
THRU    5746
TINUE   0461
TM      3233
TMP     3232
TMUL    4722
TOTAL   0104
TPT     1067
TPTT    0010
TRIP    6557
TRIPL   0137
TRY     0275
TSYM    7600
TTAB    4555
TTYPE   7051
TWO     4422
UMIN    5224
UNCH    2367
UNCH1   7026
UNCH2   7035
UP      5543
V       2766
VARI    2617
WHICH   6157
WIPE    0365
X17     1740
X52     1544
X5200   5774
X7700   2365
X7725   1737
XARET   1403
XCOMMA  7362
XCTR    2404
XDO     3430
XFCON   2353
XFINI   5354 unreferenced
XFLOAT  1706
XGET    6076
XIRET   1402
XLP     2767
XLPAR   7363
XRPAR   7361
XSAVE   2000
XTAD    1337
XXSUBR  2660
XXX     5200
XZQ     1325
XZQL    4366
YES     6512
ZCHECK  2427
ZCTR    2117
ZER     0145
ZEROIT  4473
ZZZ     0126
ZZZRET  4176
